ant,bedivfuzz-simple
ant,bedivfuzz-structure
ant,rlcheck
ant,zest
ant,zeugma-linked
ant,zeugma-none
ant,zeugma-one_point
ant,zeugma-two_point
bcel,zest
bcel,zeugma-linked
bcel,zeugma-none
bcel,zeugma-one_point
bcel,zeugma-two_point
closure,bedivfuzz-simple
closure,bedivfuzz-structure
closure,rlcheck
closure,zest
closure,zeugma-linked
closure,zeugma-none
closure,zeugma-one_point
closure,zeugma-two_point
maven,bedivfuzz-simple
maven,bedivfuzz-structure
maven,rlcheck
maven,zest
maven,zeugma-linked
maven,zeugma-none
maven,zeugma-one_point
maven,zeugma-two_point
nashorn,bedivfuzz-simple
nashorn,bedivfuzz-structure
nashorn,rlcheck
nashorn,zest
nashorn,zeugma-linked
nashorn,zeugma-none
nashorn,zeugma-one_point
nashorn,zeugma-two_point
rhino,bedivfuzz-simple
rhino,bedivfuzz-structure
rhino,rlcheck
rhino,zest
rhino,zeugma-linked
rhino,zeugma-none
rhino,zeugma-one_point
rhino,zeugma-two_point
tomcat,bedivfuzz-simple
tomcat,bedivfuzz-structure
tomcat,rlcheck
tomcat,zest
tomcat,zeugma-linked
tomcat,zeugma-none
tomcat,zeugma-one_point
tomcat,zeugma-two_point