campaign_id,fuzzer,subject,defect,time
10,Zest,Bcel,B0,0 days 00:42:48.816000
100,Zeugma-1PT,Rhino,R0,0 days 01:34:51.614000
100,Zeugma-1PT,Rhino,R1,0 days 00:44:59.002000
100,Zeugma-1PT,Rhino,R2,0 days 00:49:16.492000
100,Zeugma-1PT,Rhino,R3,0 days 00:00:13.996000
100,Zeugma-1PT,Rhino,R4,0 days 00:28:54.313000
1000,Zest,Bcel,B0,0 days 00:31:47.790000
1001,Zeugma-Linked,Bcel,B0,0 days 00:11:10.537000
1002,Zeugma,Bcel,B0,0 days 00:09:20.603000
1003,Zeugma-1PT,Bcel,B0,0 days 00:35:56.862000
1003,Zeugma-1PT,Bcel,B1,0 days 00:45:13.710000
1004,Zeugma-2PT,Bcel,B0,0 days 00:39:35.531000
1005,BeDivFuzz-Simple,Closure,C1,0 days 00:45:35.150000
1006,BeDivFuzz-Structure,Closure,C1,0 days 00:49:19.634000
1007,RLCheck,Closure,C1,0 days 00:10:29.308000
1008,Zest,Closure,C1,0 days 01:00:34.474000
1009,Zeugma-Linked,Closure,C0,0 days 01:49:12.848000
1009,Zeugma-Linked,Closure,C1,0 days 00:03:38.473000
101,Zeugma-2PT,Rhino,R1,0 days 00:10:43.983000
101,Zeugma-2PT,Rhino,R3,0 days 00:00:03.532000
101,Zeugma-2PT,Rhino,R4,0 days 00:58:58.145000
1010,Zeugma,Closure,C1,0 days 00:06:00.431000
1011,Zeugma-1PT,Closure,C0,0 days 02:25:21.887000
1011,Zeugma-1PT,Closure,C1,0 days 00:00:48.892000
1012,Zeugma-2PT,Closure,C1,0 days 00:03:37.222000
1025,Zeugma-Linked,Nashorn,N0,0 days 00:25:04.998000
1025,Zeugma-Linked,Nashorn,N2,0 days 00:09:31.040000
1026,Zeugma,Nashorn,N0,0 days 01:09:45.515000
1027,Zeugma-1PT,Nashorn,N0,0 days 00:52:37.481000
1029,BeDivFuzz-Simple,Rhino,R1,0 days 02:19:41.190000
1029,BeDivFuzz-Simple,Rhino,R3,0 days 00:00:01.456000
1030,BeDivFuzz-Structure,Rhino,R1,0 days 00:10:10.836000
1030,BeDivFuzz-Structure,Rhino,R3,0 days 00:00:00.572000
1031,RLCheck,Rhino,R3,0 days 00:00:08.396000
1032,Zest,Rhino,R1,0 days 00:24:24.388000
1032,Zest,Rhino,R3,0 days 00:00:15.368000
1033,Zeugma-Linked,Rhino,R3,0 days 00:00:09.672000
1033,Zeugma-Linked,Rhino,R4,0 days 00:22:44.171000
1034,Zeugma,Rhino,R0,0 days 01:17:08.549000
1034,Zeugma,Rhino,R1,0 days 00:01:23.236000
1034,Zeugma,Rhino,R2,0 days 01:17:00.977000
1034,Zeugma,Rhino,R3,0 days 00:00:02.376000
1034,Zeugma,Rhino,R4,0 days 00:42:01.210000
1035,Zeugma-1PT,Rhino,R0,0 days 02:04:05.084000
1035,Zeugma-1PT,Rhino,R2,0 days 02:25:08.637000
1035,Zeugma-1PT,Rhino,R3,0 days 00:00:08.664000
1036,Zeugma-2PT,Rhino,R0,0 days 02:16:20.235000
1036,Zeugma-2PT,Rhino,R1,0 days 00:10:44.240000
1036,Zeugma-2PT,Rhino,R2,0 days 02:09:19.797000
1036,Zeugma-2PT,Rhino,R3,0 days 00:00:00.664000
1036,Zeugma-2PT,Rhino,R4,0 days 00:26:18.050000
1053,BeDivFuzz-Simple,Bcel,B0,0 days 01:27:07.768000
1054,BeDivFuzz-Structure,Bcel,B0,0 days 02:16:09.634000
1055,Zest,Bcel,B0,0 days 00:59:10.726000
1056,Zeugma-Linked,Bcel,B0,0 days 00:11:35.225000
1057,Zeugma,Bcel,B0,0 days 00:21:08.139000
1058,Zeugma-1PT,Bcel,B0,0 days 00:12:33.061000
1059,Zeugma-2PT,Bcel,B0,0 days 00:07:52.978000
1059,Zeugma-2PT,Bcel,B1,0 days 00:09:11.507000
1060,BeDivFuzz-Simple,Closure,C1,0 days 00:02:22.583000
1061,BeDivFuzz-Structure,Closure,C1,0 days 00:55:23.536000
1062,RLCheck,Closure,C1,0 days 00:09:16.880000
1063,Zest,Closure,C1,0 days 00:07:38.699000
1064,Zeugma-Linked,Closure,C0,0 days 01:30:02.264000
1064,Zeugma-Linked,Closure,C1,0 days 00:00:05.100000
1065,Zeugma,Closure,C1,0 days 00:07:17.435000
1066,Zeugma-1PT,Closure,C1,0 days 00:14:12.585000
1067,Zeugma-2PT,Closure,C1,0 days 00:00:37.329000
1080,Zeugma-Linked,Nashorn,N0,0 days 00:20:14.372000
1081,Zeugma,Nashorn,N0,0 days 02:30:28.167000
1084,BeDivFuzz-Simple,Rhino,R3,0 days 00:00:00.188000
1085,BeDivFuzz-Structure,Rhino,R1,0 days 01:00:58.670000
1085,BeDivFuzz-Structure,Rhino,R3,0 days 00:00:01.672000
1086,RLCheck,Rhino,R3,0 days 00:00:08.200000
1087,Zest,Rhino,R1,0 days 02:23:55.355000
1087,Zest,Rhino,R3,0 days 00:00:06.396000
1088,Zeugma-Linked,Rhino,R1,0 days 01:08:22.378000
1088,Zeugma-Linked,Rhino,R2,0 days 01:48:33.150000
1088,Zeugma-Linked,Rhino,R3,0 days 00:00:03.048000
1088,Zeugma-Linked,Rhino,R4,0 days 02:09:03.606000
1089,Zeugma,Rhino,R0,0 days 01:51:16.911000
1089,Zeugma,Rhino,R1,0 days 00:00:29.056000
1089,Zeugma,Rhino,R2,0 days 00:39:07.145000
1089,Zeugma,Rhino,R3,0 days 00:00:00.976000
1089,Zeugma,Rhino,R4,0 days 01:33:40.909000
1090,Zeugma-1PT,Rhino,R3,0 days 00:00:03.668000
1090,Zeugma-1PT,Rhino,R4,0 days 00:20:48.592000
1091,Zeugma-2PT,Rhino,R0,0 days 00:58:02.230000
1091,Zeugma-2PT,Rhino,R1,0 days 01:33:38.818000
1091,Zeugma-2PT,Rhino,R2,0 days 02:15:43.641000
1091,Zeugma-2PT,Rhino,R3,0 days 00:00:14.140000
1091,Zeugma-2PT,Rhino,R4,0 days 02:10:03.873000
11,Zeugma-Linked,Bcel,B0,0 days 00:03:16.397000
118,BeDivFuzz-Simple,Bcel,B0,0 days 02:59:36.284000
12,Zeugma,Bcel,B0,0 days 00:17:40.774000
120,Zest,Bcel,B0,0 days 00:33:08.856000
121,Zeugma-Linked,Bcel,B0,0 days 00:03:48.477000
122,Zeugma,Bcel,B0,0 days 00:41:11.778000
123,Zeugma-1PT,Bcel,B0,0 days 00:15:11.430000
124,Zeugma-2PT,Bcel,B0,0 days 00:00:47.476000
125,BeDivFuzz-Simple,Closure,C1,0 days 00:05:08.443000
126,BeDivFuzz-Structure,Closure,C1,0 days 00:31:51.403000
127,RLCheck,Closure,C1,0 days 00:10:49.044000
128,Zest,Closure,C1,0 days 00:32:06.963000
129,Zeugma-Linked,Closure,C1,0 days 00:05:20.622000
13,Zeugma-1PT,Bcel,B0,0 days 00:57:55.205000
130,Zeugma,Closure,C1,0 days 00:08:18.171000
131,Zeugma-1PT,Closure,C0,0 days 02:13:04.652000
131,Zeugma-1PT,Closure,C1,0 days 00:09:42.611000
132,Zeugma-2PT,Closure,C1,0 days 00:00:04.916000
14,Zeugma-2PT,Bcel,B0,0 days 00:29:54.595000
145,Zeugma-Linked,Nashorn,N0,0 days 00:49:08.080000
146,Zeugma,Nashorn,N0,0 days 01:32:49.948000
148,Zeugma-2PT,Nashorn,N0,0 days 01:32:33.482000
149,BeDivFuzz-Simple,Rhino,R3,0 days 00:00:01.040000
15,BeDivFuzz-Simple,Closure,C1,0 days 01:10:49.916000
150,BeDivFuzz-Structure,Rhino,R1,0 days 00:00:46.268000
150,BeDivFuzz-Structure,Rhino,R3,0 days 00:00:14.288000
151,RLCheck,Rhino,R3,0 days 00:00:11.132000
152,Zest,Rhino,R1,0 days 00:24:11.450000
152,Zest,Rhino,R3,0 days 00:00:12.456000
153,Zeugma-Linked,Rhino,R0,0 days 00:35:37.722000
153,Zeugma-Linked,Rhino,R1,0 days 00:09:39
153,Zeugma-Linked,Rhino,R2,0 days 00:10:04.096000
153,Zeugma-Linked,Rhino,R3,0 days 00:00:08.588000
154,Zeugma,Rhino,R0,0 days 01:11:40.708000
154,Zeugma,Rhino,R1,0 days 00:52:28.224000
154,Zeugma,Rhino,R2,0 days 01:03:01.204000
154,Zeugma,Rhino,R3,0 days 00:00:06.788000
155,Zeugma-1PT,Rhino,R0,0 days 00:39:06.843000
155,Zeugma-1PT,Rhino,R1,0 days 00:53:04.485000
155,Zeugma-1PT,Rhino,R2,0 days 01:06:56.902000
155,Zeugma-1PT,Rhino,R3,0 days 00:00:08.444000
155,Zeugma-1PT,Rhino,R4,0 days 01:17:57.922000
156,Zeugma-2PT,Rhino,R0,0 days 02:01:21.251000
156,Zeugma-2PT,Rhino,R1,0 days 00:42:16.417000
156,Zeugma-2PT,Rhino,R2,0 days 00:53:01.013000
156,Zeugma-2PT,Rhino,R3,0 days 00:00:06.733000
16,BeDivFuzz-Structure,Closure,C1,0 days 00:32:17.810000
17,RLCheck,Closure,C1,0 days 00:04:16.197000
173,BeDivFuzz-Simple,Bcel,B0,0 days 00:31:38.753000
174,BeDivFuzz-Structure,Bcel,B0,0 days 01:26:51.501000
175,Zest,Bcel,B0,0 days 00:43:02.537000
176,Zeugma-Linked,Bcel,B0,0 days 00:17:29.178000
177,Zeugma,Bcel,B0,0 days 00:10:03.436000
178,Zeugma-1PT,Bcel,B0,0 days 00:53:00.561000
179,Zeugma-2PT,Bcel,B0,0 days 00:33:35.401000
18,Zest,Closure,C1,0 days 00:25:20.723000
180,BeDivFuzz-Simple,Closure,C1,0 days 00:19:47.060000
181,BeDivFuzz-Structure,Closure,C1,0 days 00:47:51.091000
182,RLCheck,Closure,C1,0 days 00:02:09.397000
183,Zest,Closure,C0,0 days 01:31:21.547000
183,Zest,Closure,C1,0 days 00:19:11.104000
184,Zeugma-Linked,Closure,C0,0 days 01:54:02.496000
184,Zeugma-Linked,Closure,C1,0 days 00:00:34.196000
185,Zeugma,Closure,C1,0 days 00:05:43.406000
186,Zeugma-1PT,Closure,C1,0 days 00:04:34.858000
187,Zeugma-2PT,Closure,C0,0 days 01:37:21.158000
187,Zeugma-2PT,Closure,C1,0 days 00:03:38.466000
19,Zeugma-Linked,Closure,C0,0 days 01:50:10.247000
19,Zeugma-Linked,Closure,C1,0 days 00:00:11.772000
20,Zeugma,Closure,C1,0 days 00:00:19.504000
200,Zeugma-Linked,Nashorn,N0,0 days 00:09:48.708000
200,Zeugma-Linked,Nashorn,N2,0 days 01:47:51.781000
202,Zeugma-1PT,Nashorn,N0,0 days 02:37:56.581000
203,Zeugma-2PT,Nashorn,N0,0 days 01:43:13.915000
204,BeDivFuzz-Simple,Rhino,R3,0 days 00:00:03.616000
205,BeDivFuzz-Structure,Rhino,R1,0 days 00:02:04.841000
205,BeDivFuzz-Structure,Rhino,R3,0 days 00:00:14.904000
206,RLCheck,Rhino,R3,0 days 00:00:10.608000
207,Zest,Rhino,R0,0 days 02:20:46.463000
207,Zest,Rhino,R1,0 days 00:50:35.925000
207,Zest,Rhino,R2,0 days 02:45:12.525000
207,Zest,Rhino,R3,0 days 00:00:12.509000
207,Zest,Rhino,R4,0 days 02:58:23.046000
208,Zeugma-Linked,Rhino,R2,0 days 00:22:13.250000
208,Zeugma-Linked,Rhino,R3,0 days 00:00:05.264000
208,Zeugma-Linked,Rhino,R4,0 days 01:07:51.355000
209,Zeugma,Rhino,R0,0 days 00:33:01.668000
209,Zeugma,Rhino,R1,0 days 01:04:26.177000
209,Zeugma,Rhino,R2,0 days 00:12:43.768000
209,Zeugma,Rhino,R3,0 days 00:00:03.876000
209,Zeugma,Rhino,R4,0 days 00:30:52.683000
21,Zeugma-1PT,Closure,C1,0 days 00:06:50.905000
210,Zeugma-1PT,Rhino,R0,0 days 01:41:53.353000
210,Zeugma-1PT,Rhino,R1,0 days 00:00:11.720000
210,Zeugma-1PT,Rhino,R2,0 days 00:48:37.569000
210,Zeugma-1PT,Rhino,R3,0 days 00:00:09.076000
210,Zeugma-1PT,Rhino,R4,0 days 00:38:36.001000
211,Zeugma-2PT,Rhino,R1,0 days 02:26:44.800000
211,Zeugma-2PT,Rhino,R2,0 days 01:22:33.315000
211,Zeugma-2PT,Rhino,R3,0 days 00:00:07.184000
22,Zeugma-2PT,Closure,C1,0 days 00:01:19.640000
230,Zest,Bcel,B0,0 days 00:36:51.377000
231,Zeugma-Linked,Bcel,B0,0 days 00:12:39.665000
232,Zeugma,Bcel,B0,0 days 00:15:29.152000
233,Zeugma-1PT,Bcel,B0,0 days 00:57:36.949000
234,Zeugma-2PT,Bcel,B0,0 days 00:25:06.744000
235,BeDivFuzz-Simple,Closure,C1,0 days 01:55:14.559000
236,BeDivFuzz-Structure,Closure,C1,0 days 01:02:41.677000
237,RLCheck,Closure,C1,0 days 00:28:40.466000
238,Zest,Closure,C1,0 days 00:16:50.688000
239,Zeugma-Linked,Closure,C0,0 days 01:33:16.245000
239,Zeugma-Linked,Closure,C1,0 days 00:11:54.797000
240,Zeugma,Closure,C0,0 days 00:34:39.068000
240,Zeugma,Closure,C1,0 days 00:06:17.704000
241,Zeugma-1PT,Closure,C0,0 days 02:06:02.528000
241,Zeugma-1PT,Closure,C1,0 days 00:00:31.108000
242,Zeugma-2PT,Closure,C0,0 days 02:19:16.540000
242,Zeugma-2PT,Closure,C1,0 days 00:05:10.364000
255,Zeugma-Linked,Nashorn,N0,0 days 00:17:30.862000
256,Zeugma,Nashorn,N0,0 days 01:18:48.502000
257,Zeugma-1PT,Nashorn,N0,0 days 01:35:32.523000
258,Zeugma-2PT,Nashorn,N1,0 days 01:57:35.048000
259,BeDivFuzz-Simple,Rhino,R1,0 days 01:43:49.494000
259,BeDivFuzz-Simple,Rhino,R3,0 days 00:00:01.880000
260,BeDivFuzz-Structure,Rhino,R3,0 days 00:00:03.664000
261,RLCheck,Rhino,R3,0 days 00:00:07.500000
262,Zest,Rhino,R3,0 days 00:00:05.700000
263,Zeugma-Linked,Rhino,R0,0 days 00:05:03.728000
263,Zeugma-Linked,Rhino,R1,0 days 00:38:09.977000
263,Zeugma-Linked,Rhino,R2,0 days 00:11:01.687000
263,Zeugma-Linked,Rhino,R3,0 days 00:00:07.012000
263,Zeugma-Linked,Rhino,R4,0 days 00:51:00.339000
264,Zeugma,Rhino,R0,0 days 00:26:47.862000
264,Zeugma,Rhino,R2,0 days 00:47:32.236000
264,Zeugma,Rhino,R3,0 days 00:00:02.788000
264,Zeugma,Rhino,R4,0 days 01:58:50.913000
265,Zeugma-1PT,Rhino,R0,0 days 00:36:51.287000
265,Zeugma-1PT,Rhino,R1,0 days 01:32:04.224000
265,Zeugma-1PT,Rhino,R3,0 days 00:00:01.428000
265,Zeugma-1PT,Rhino,R4,0 days 01:04:05.333000
266,Zeugma-2PT,Rhino,R0,0 days 02:56:02.518000
266,Zeugma-2PT,Rhino,R1,0 days 00:32:59.551000
266,Zeugma-2PT,Rhino,R2,0 days 01:39:53.637000
266,Zeugma-2PT,Rhino,R3,0 days 00:00:05.984000
266,Zeugma-2PT,Rhino,R4,0 days 00:19:09.755000
283,BeDivFuzz-Simple,Bcel,B0,0 days 01:02:14.526000
284,BeDivFuzz-Structure,Bcel,B0,0 days 00:01:17.392000
285,Zest,Bcel,B0,0 days 00:11:42.467000
286,Zeugma-Linked,Bcel,B0,0 days 00:10:45.228000
287,Zeugma,Bcel,B0,0 days 00:03:37.281000
288,Zeugma-1PT,Bcel,B0,0 days 00:11:14.671000
289,Zeugma-2PT,Bcel,B0,0 days 00:22:17.027000
290,BeDivFuzz-Simple,Closure,C1,0 days 00:05:42.912000
291,BeDivFuzz-Structure,Closure,C0,0 days 01:19:36.923000
291,BeDivFuzz-Structure,Closure,C1,0 days 00:09:28.732000
292,RLCheck,Closure,C1,0 days 00:06:17.263000
293,Zest,Closure,C1,0 days 01:04:15.217000
294,Zeugma-Linked,Closure,C1,0 days 00:11:10.626000
295,Zeugma,Closure,C1,0 days 00:00:56.924000
296,Zeugma-1PT,Closure,C0,0 days 00:37:16.645000
296,Zeugma-1PT,Closure,C1,0 days 00:01:47.633000
297,Zeugma-2PT,Closure,C1,0 days 00:02:37.796000
310,Zeugma-Linked,Nashorn,N0,0 days 00:12:47.641000
310,Zeugma-Linked,Nashorn,N2,0 days 01:35:38.289000
311,Zeugma,Nashorn,N0,0 days 00:38:31.785000
312,Zeugma-1PT,Nashorn,N0,0 days 01:00:03.323000
313,Zeugma-2PT,Nashorn,N0,0 days 01:42:08.488000
314,BeDivFuzz-Simple,Rhino,R1,0 days 01:54:43.833000
314,BeDivFuzz-Simple,Rhino,R3,0 days 00:00:03.512000
315,BeDivFuzz-Structure,Rhino,R3,0 days 00:00:14.212000
316,RLCheck,Rhino,R3,0 days 00:00:09.480000
317,Zest,Rhino,R1,0 days 00:16:36.655000
317,Zest,Rhino,R3,0 days 00:00:02.632000
318,Zeugma-Linked,Rhino,R0,0 days 01:21:25.151000
318,Zeugma-Linked,Rhino,R1,0 days 00:09:53.607000
318,Zeugma-Linked,Rhino,R2,0 days 01:44:56.287000
318,Zeugma-Linked,Rhino,R3,0 days 00:00:05.896000
318,Zeugma-Linked,Rhino,R4,0 days 01:43:08.350000
319,Zeugma,Rhino,R3,0 days 00:00:03.840000
319,Zeugma,Rhino,R4,0 days 00:24:49.405000
320,Zeugma-1PT,Rhino,R0,0 days 01:28:49.701000
320,Zeugma-1PT,Rhino,R2,0 days 00:23:50.091000
320,Zeugma-1PT,Rhino,R3,0 days 00:00:00.724000
320,Zeugma-1PT,Rhino,R4,0 days 00:50:28.356000
321,Zeugma-2PT,Rhino,R0,0 days 02:59:54.404000
321,Zeugma-2PT,Rhino,R1,0 days 01:07:27.458000
321,Zeugma-2PT,Rhino,R2,0 days 01:24:23.617000
321,Zeugma-2PT,Rhino,R3,0 days 00:00:23.932000
338,BeDivFuzz-Simple,Bcel,B0,0 days 01:50:07.077000
339,BeDivFuzz-Structure,Bcel,B0,0 days 00:51:50.250000
340,Zest,Bcel,B0,0 days 00:12:16.644000
341,Zeugma-Linked,Bcel,B0,0 days 00:10:20.123000
342,Zeugma,Bcel,B0,0 days 00:25:21.227000
343,Zeugma-1PT,Bcel,B0,0 days 00:26:41.425000
344,Zeugma-2PT,Bcel,B0,0 days 00:04:52.600000
345,BeDivFuzz-Simple,Closure,C1,0 days 02:45:21.157000
346,BeDivFuzz-Structure,Closure,C1,0 days 00:06:49.301000
347,RLCheck,Closure,C1,0 days 00:01:11.200000
348,Zest,Closure,C1,0 days 00:01:33.136000
349,Zeugma-Linked,Closure,C1,0 days 00:00:37.980000
35,Zeugma-Linked,Nashorn,N0,0 days 00:18:08.935000
350,Zeugma,Closure,C1,0 days 00:00:21.404000
351,Zeugma-1PT,Closure,C1,0 days 00:05:03.924000
352,Zeugma-2PT,Closure,C1,0 days 00:01:58.140000
36,Zeugma,Nashorn,N0,0 days 01:45:48.598000
365,Zeugma-Linked,Nashorn,N0,0 days 00:24:43.449000
365,Zeugma-Linked,Nashorn,N2,0 days 01:27:13.304000
366,Zeugma,Nashorn,N0,0 days 01:18:43.540000
368,Zeugma-2PT,Nashorn,N0,0 days 02:44:39.098000
369,BeDivFuzz-Simple,Rhino,R3,0 days 00:00:06.960000
370,BeDivFuzz-Structure,Rhino,R3,0 days 00:00:03.692000
371,RLCheck,Rhino,R3,0 days 00:00:08.472000
372,Zest,Rhino,R1,0 days 02:38:07.302000
372,Zest,Rhino,R3,0 days 00:00:02.648000
373,Zeugma-Linked,Rhino,R0,0 days 00:10:39.456000
373,Zeugma-Linked,Rhino,R1,0 days 00:01:28.900000
373,Zeugma-Linked,Rhino,R2,0 days 00:13:22.045000
373,Zeugma-Linked,Rhino,R3,0 days 00:00:06.600000
373,Zeugma-Linked,Rhino,R4,0 days 00:47:25.946000
374,Zeugma,Rhino,R0,0 days 01:08:25.195000
374,Zeugma,Rhino,R1,0 days 00:04:35.974000
374,Zeugma,Rhino,R2,0 days 00:45:03.331000
374,Zeugma,Rhino,R3,0 days 00:00:01.732000
374,Zeugma,Rhino,R4,0 days 00:59:17.388000
375,Zeugma-1PT,Rhino,R0,0 days 01:29:21.077000
375,Zeugma-1PT,Rhino,R1,0 days 00:24:02.592000
375,Zeugma-1PT,Rhino,R2,0 days 01:25:40.092000
375,Zeugma-1PT,Rhino,R3,0 days 00:00:02.436000
375,Zeugma-1PT,Rhino,R4,0 days 01:38:58.924000
376,Zeugma-2PT,Rhino,R0,0 days 01:45:57.362000
376,Zeugma-2PT,Rhino,R1,0 days 00:26:02.597000
376,Zeugma-2PT,Rhino,R2,0 days 01:49:38.490000
376,Zeugma-2PT,Rhino,R3,0 days 00:00:09.144000
376,Zeugma-2PT,Rhino,R4,0 days 00:53:25.292000
38,Zeugma-2PT,Nashorn,N0,0 days 02:26:04.567000
39,BeDivFuzz-Simple,Rhino,R1,0 days 00:08:22.688000
39,BeDivFuzz-Simple,Rhino,R3,0 days 00:00:17.240000
393,BeDivFuzz-Simple,Bcel,B0,0 days 00:45:36.149000
394,BeDivFuzz-Structure,Bcel,B0,0 days 01:21:30.901000
395,Zest,Bcel,B0,0 days 00:05:21.883000
396,Zeugma-Linked,Bcel,B0,0 days 00:18:35.095000
397,Zeugma,Bcel,B0,0 days 00:17:39.362000
398,Zeugma-1PT,Bcel,B0,0 days 00:50:27.842000
399,Zeugma-2PT,Bcel,B0,0 days 00:02:14.629000
40,BeDivFuzz-Structure,Rhino,R1,0 days 00:21:56.079000
40,BeDivFuzz-Structure,Rhino,R3,0 days 00:00:12.668000
400,BeDivFuzz-Simple,Closure,C1,0 days 00:22:58.917000
401,BeDivFuzz-Structure,Closure,C1,0 days 00:29:25.715000
402,RLCheck,Closure,C1,0 days 00:09:05.804000
403,Zest,Closure,C0,0 days 02:04:26.847000
403,Zest,Closure,C1,0 days 00:37:35.439000
404,Zeugma-Linked,Closure,C1,0 days 00:03:36.548000
405,Zeugma,Closure,C1,0 days 00:01:05.536000
406,Zeugma-1PT,Closure,C0,0 days 02:57:34.061000
406,Zeugma-1PT,Closure,C1,0 days 00:00:36.324000
407,Zeugma-2PT,Closure,C0,0 days 01:12:38.372000
407,Zeugma-2PT,Closure,C1,0 days 00:05:19.789000
41,RLCheck,Rhino,R3,0 days 00:00:12.288000
42,Zest,Rhino,R0,0 days 02:02:32.983000
42,Zest,Rhino,R1,0 days 01:42:03.658000
42,Zest,Rhino,R2,0 days 00:42:13.709000
42,Zest,Rhino,R3,0 days 00:00:07.816000
420,Zeugma-Linked,Nashorn,N0,0 days 00:25:34.800000
424,BeDivFuzz-Simple,Rhino,R3,0 days 00:00:12.592000
425,BeDivFuzz-Structure,Rhino,R1,0 days 00:12:15.533000
425,BeDivFuzz-Structure,Rhino,R3,0 days 00:00:18.660000
426,RLCheck,Rhino,R3,0 days 00:00:08.696000
427,Zest,Rhino,R1,0 days 00:12:18.981000
427,Zest,Rhino,R3,0 days 00:00:03.504000
428,Zeugma-Linked,Rhino,R3,0 days 00:00:03.724000
428,Zeugma-Linked,Rhino,R4,0 days 00:34:12.457000
429,Zeugma,Rhino,R0,0 days 01:30:01.253000
429,Zeugma,Rhino,R1,0 days 00:26:46.191000
429,Zeugma,Rhino,R2,0 days 00:37:12.715000
429,Zeugma,Rhino,R3,0 days 00:00:12.680000
429,Zeugma,Rhino,R4,0 days 00:58:22.770000
43,Zeugma-Linked,Rhino,R0,0 days 00:07:07.825000
43,Zeugma-Linked,Rhino,R1,0 days 01:17:57.941000
43,Zeugma-Linked,Rhino,R2,0 days 00:27:05.220000
43,Zeugma-Linked,Rhino,R3,0 days 00:00:02.380000
43,Zeugma-Linked,Rhino,R4,0 days 02:08:29.403000
430,Zeugma-1PT,Rhino,R1,0 days 00:12:58.733000
430,Zeugma-1PT,Rhino,R2,0 days 00:38:30.819000
430,Zeugma-1PT,Rhino,R3,0 days 00:00:01.664000
431,Zeugma-2PT,Rhino,R0,0 days 00:47:01.754000
431,Zeugma-2PT,Rhino,R1,0 days 00:03:04.785000
431,Zeugma-2PT,Rhino,R2,0 days 00:13:15.105000
431,Zeugma-2PT,Rhino,R3,0 days 00:00:03.992000
431,Zeugma-2PT,Rhino,R4,0 days 01:26:26.909000
44,Zeugma,Rhino,R0,0 days 00:24:39.855000
44,Zeugma,Rhino,R1,0 days 00:56:21.089000
44,Zeugma,Rhino,R2,0 days 00:37:52.608000
44,Zeugma,Rhino,R3,0 days 00:00:13.892000
44,Zeugma,Rhino,R4,0 days 01:17:55.678000
45,Zeugma-1PT,Rhino,R0,0 days 00:42:35.416000
45,Zeugma-1PT,Rhino,R2,0 days 01:15:18.621000
45,Zeugma-1PT,Rhino,R3,0 days 00:00:21.372000
45,Zeugma-1PT,Rhino,R4,0 days 02:00:00.111000
450,Zest,Bcel,B0,0 days 00:22:43.473000
451,Zeugma-Linked,Bcel,B0,0 days 00:09:22.127000
452,Zeugma,Bcel,B0,0 days 00:31:31.247000
453,Zeugma-1PT,Bcel,B0,0 days 00:33:48.758000
454,Zeugma-2PT,Bcel,B0,0 days 00:04:58.210000
455,BeDivFuzz-Simple,Closure,C1,0 days 00:05:03.666000
456,BeDivFuzz-Structure,Closure,C0,0 days 01:24:11.628000
456,BeDivFuzz-Structure,Closure,C1,0 days 00:30:33.320000
457,RLCheck,Closure,C1,0 days 00:15:41.317000
458,Zest,Closure,C0,0 days 02:46:13.403000
458,Zest,Closure,C1,0 days 00:04:26.153000
459,Zeugma-Linked,Closure,C1,0 days 00:08:32.243000
46,Zeugma-2PT,Rhino,R1,0 days 00:03:56.200000
46,Zeugma-2PT,Rhino,R3,0 days 00:00:08.440000
46,Zeugma-2PT,Rhino,R4,0 days 02:14:43.432000
460,Zeugma,Closure,C1,0 days 00:04:00.574000
461,Zeugma-1PT,Closure,C1,0 days 00:11:23.292000
462,Zeugma-2PT,Closure,C0,0 days 01:12:59.698000
462,Zeugma-2PT,Closure,C1,0 days 00:03:03.588000
475,Zeugma-Linked,Nashorn,N0,0 days 00:17:58.330000
478,Zeugma-2PT,Nashorn,N2,0 days 02:58:23.483000
479,BeDivFuzz-Simple,Rhino,R1,0 days 01:34:40.576000
479,BeDivFuzz-Simple,Rhino,R3,0 days 00:00:01.548000
480,BeDivFuzz-Structure,Rhino,R3,0 days 00:00:00.524000
481,RLCheck,Rhino,R3,0 days 00:00:07.824000
482,Zest,Rhino,R1,0 days 00:05:09.550000
482,Zest,Rhino,R3,0 days 00:00:03.072000
483,Zeugma-Linked,Rhino,R0,0 days 01:00:26.315000
483,Zeugma-Linked,Rhino,R2,0 days 00:42:07.906000
483,Zeugma-Linked,Rhino,R3,0 days 00:00:11.588000
483,Zeugma-Linked,Rhino,R4,0 days 00:12:58.529000
484,Zeugma,Rhino,R1,0 days 01:47:34.461000
484,Zeugma,Rhino,R2,0 days 00:27:41.085000
484,Zeugma,Rhino,R3,0 days 00:00:06.172000
484,Zeugma,Rhino,R4,0 days 00:22:09.041000
485,Zeugma-1PT,Rhino,R0,0 days 00:19:45.883000
485,Zeugma-1PT,Rhino,R2,0 days 00:21:59.480000
485,Zeugma-1PT,Rhino,R3,0 days 00:00:02.488000
486,Zeugma-2PT,Rhino,R1,0 days 00:48:42.023000
486,Zeugma-2PT,Rhino,R2,0 days 01:38:50.418000
486,Zeugma-2PT,Rhino,R3,0 days 00:00:00.292000
486,Zeugma-2PT,Rhino,R4,0 days 02:13:31.806000
504,BeDivFuzz-Structure,Bcel,B0,0 days 00:45:44.238000
505,Zest,Bcel,B0,0 days 00:10:44.880000
506,Zeugma-Linked,Bcel,B0,0 days 00:07:32.355000
507,Zeugma,Bcel,B0,0 days 00:06:14.379000
508,Zeugma-1PT,Bcel,B0,0 days 00:12:20.073000
509,Zeugma-2PT,Bcel,B0,0 days 00:09:15.132000
510,BeDivFuzz-Simple,Closure,C1,0 days 00:48:01.615000
511,BeDivFuzz-Structure,Closure,C0,0 days 01:17:18.006000
511,BeDivFuzz-Structure,Closure,C1,0 days 00:48:01.603000
512,RLCheck,Closure,C1,0 days 00:08:06.863000
513,Zest,Closure,C0,0 days 01:37:00.156000
513,Zest,Closure,C1,0 days 01:12:40.836000
514,Zeugma-Linked,Closure,C0,0 days 01:14:31.972000
514,Zeugma-Linked,Closure,C1,0 days 00:00:06.272000
515,Zeugma,Closure,C1,0 days 00:18:43.479000
516,Zeugma-1PT,Closure,C1,0 days 00:12:11.052000
517,Zeugma-2PT,Closure,C0,0 days 01:15:18.301000
517,Zeugma-2PT,Closure,C1,0 days 00:00:36.880000
530,Zeugma-Linked,Nashorn,N0,0 days 00:12:25.772000
531,Zeugma,Nashorn,N0,0 days 02:46:34.635000
533,Zeugma-2PT,Nashorn,N0,0 days 02:56:14.963000
534,BeDivFuzz-Simple,Rhino,R3,0 days 00:00:02.888000
535,BeDivFuzz-Structure,Rhino,R3,0 days 00:00:08.324000
536,RLCheck,Rhino,R3,0 days 00:00:07.828000
537,Zest,Rhino,R1,0 days 00:08:20.492000
537,Zest,Rhino,R3,0 days 00:00:02.684000
538,Zeugma-Linked,Rhino,R0,0 days 00:35:49.062000
538,Zeugma-Linked,Rhino,R2,0 days 00:29:35.956000
538,Zeugma-Linked,Rhino,R3,0 days 00:00:06.688000
538,Zeugma-Linked,Rhino,R4,0 days 00:50:48.516000
539,Zeugma,Rhino,R0,0 days 01:06:09.927000
539,Zeugma,Rhino,R1,0 days 01:54:55.770000
539,Zeugma,Rhino,R2,0 days 00:48:03.749000
539,Zeugma,Rhino,R3,0 days 00:00:00.332000
539,Zeugma,Rhino,R4,0 days 00:35:26.032000
540,Zeugma-1PT,Rhino,R1,0 days 00:55:17.887000
540,Zeugma-1PT,Rhino,R2,0 days 00:41:12.579000
540,Zeugma-1PT,Rhino,R3,0 days 00:00:03.364000
540,Zeugma-1PT,Rhino,R4,0 days 00:52:18.787000
541,Zeugma-2PT,Rhino,R0,0 days 01:50:19.678000
541,Zeugma-2PT,Rhino,R1,0 days 00:17:02.307000
541,Zeugma-2PT,Rhino,R3,0 days 00:00:10.416000
541,Zeugma-2PT,Rhino,R4,0 days 00:29:56.972000
559,BeDivFuzz-Structure,Bcel,B0,0 days 00:23:32.645000
560,Zest,Bcel,B0,0 days 00:22:33.873000
561,Zeugma-Linked,Bcel,B0,0 days 00:10:38.880000
562,Zeugma,Bcel,B0,0 days 00:09:11.192000
563,Zeugma-1PT,Bcel,B0,0 days 00:46:28.894000
564,Zeugma-2PT,Bcel,B0,0 days 00:45:42.202000
564,Zeugma-2PT,Bcel,B1,0 days 00:26:37.349000
565,BeDivFuzz-Simple,Closure,C1,0 days 00:16:23.229000
566,BeDivFuzz-Structure,Closure,C1,0 days 00:10:51.284000
567,RLCheck,Closure,C1,0 days 00:10:52.136000
568,Zest,Closure,C1,0 days 00:50:41.971000
569,Zeugma-Linked,Closure,C0,0 days 00:42:56.685000
569,Zeugma-Linked,Closure,C1,0 days 00:11:20.264000
570,Zeugma,Closure,C0,0 days 00:02:39.701000
570,Zeugma,Closure,C1,0 days 00:06:19.118000
571,Zeugma-1PT,Closure,C1,0 days 00:01:27.240000
572,Zeugma-2PT,Closure,C1,0 days 00:02:47.645000
585,Zeugma-Linked,Nashorn,N0,0 days 00:20:03.747000
585,Zeugma-Linked,Nashorn,N2,0 days 00:55:37.747000
586,Zeugma,Nashorn,N0,0 days 02:06:53.831000
586,Zeugma,Nashorn,N2,0 days 01:40:30.102000
588,Zeugma-2PT,Nashorn,N0,0 days 00:32:55.625000
589,BeDivFuzz-Simple,Rhino,R3,0 days 00:00:02.116000
590,BeDivFuzz-Structure,Rhino,R1,0 days 00:03:38.476000
590,BeDivFuzz-Structure,Rhino,R3,0 days 00:00:15.152000
591,RLCheck,Rhino,R3,0 days 00:00:07.780000
592,Zest,Rhino,R1,0 days 00:11:13.495000
592,Zest,Rhino,R3,0 days 00:00:14.984000
593,Zeugma-Linked,Rhino,R0,0 days 01:19:30.050000
593,Zeugma-Linked,Rhino,R3,0 days 00:00:03.396000
593,Zeugma-Linked,Rhino,R4,0 days 00:22:45.227000
594,Zeugma,Rhino,R1,0 days 01:09:35.950000
594,Zeugma,Rhino,R2,0 days 00:12:21.176000
594,Zeugma,Rhino,R3,0 days 00:00:29.548000
594,Zeugma,Rhino,R4,0 days 00:48:55.394000
595,Zeugma-1PT,Rhino,R0,0 days 00:31:44.901000
595,Zeugma-1PT,Rhino,R1,0 days 01:05:53.962000
595,Zeugma-1PT,Rhino,R2,0 days 01:39:41.116000
595,Zeugma-1PT,Rhino,R3,0 days 00:00:11.732000
595,Zeugma-1PT,Rhino,R4,0 days 01:22:07.149000
596,Zeugma-2PT,Rhino,R0,0 days 01:44:22.558000
596,Zeugma-2PT,Rhino,R1,0 days 01:22:44.808000
596,Zeugma-2PT,Rhino,R2,0 days 01:11:22.837000
596,Zeugma-2PT,Rhino,R3,0 days 00:00:01.728000
596,Zeugma-2PT,Rhino,R4,0 days 01:33:37.139000
613,BeDivFuzz-Simple,Bcel,B0,0 days 00:26:36.778000
615,Zest,Bcel,B0,0 days 00:53:21.330000
616,Zeugma-Linked,Bcel,B0,0 days 00:07:13.639000
617,Zeugma,Bcel,B0,0 days 00:07:52.856000
618,Zeugma-1PT,Bcel,B0,0 days 00:41:10.360000
619,Zeugma-2PT,Bcel,B0,0 days 00:16:38.918000
620,BeDivFuzz-Simple,Closure,C0,0 days 02:56:20.507000
620,BeDivFuzz-Simple,Closure,C1,0 days 00:07:25.611000
621,BeDivFuzz-Structure,Closure,C1,0 days 00:14:15.624000
622,RLCheck,Closure,C1,0 days 00:12:27.293000
623,Zest,Closure,C1,0 days 00:23:42.116000
624,Zeugma-Linked,Closure,C0,0 days 01:52:49.785000
624,Zeugma-Linked,Closure,C1,0 days 00:03:21.785000
625,Zeugma,Closure,C1,0 days 00:03:20.664000
626,Zeugma-1PT,Closure,C1,0 days 00:00:02.080000
627,Zeugma-2PT,Closure,C0,0 days 02:48:05.430000
627,Zeugma-2PT,Closure,C1,0 days 00:00:59.440000
64,BeDivFuzz-Structure,Bcel,B0,0 days 02:26:33.530000
640,Zeugma-Linked,Nashorn,N0,0 days 00:03:18.353000
640,Zeugma-Linked,Nashorn,N2,0 days 01:40:29.166000
644,BeDivFuzz-Simple,Rhino,R1,0 days 00:01:56.653000
644,BeDivFuzz-Simple,Rhino,R3,0 days 00:00:00.532000
645,BeDivFuzz-Structure,Rhino,R3,0 days 00:00:04.120000
646,RLCheck,Rhino,R3,0 days 00:00:08.608000
647,Zest,Rhino,R1,0 days 01:57:55.232000
647,Zest,Rhino,R2,0 days 01:54:29.580000
647,Zest,Rhino,R3,0 days 00:00:03.404000
648,Zeugma-Linked,Rhino,R0,0 days 00:18:33.637000
648,Zeugma-Linked,Rhino,R1,0 days 00:02:25.140000
648,Zeugma-Linked,Rhino,R2,0 days 00:27:15.705000
648,Zeugma-Linked,Rhino,R3,0 days 00:00:09.468000
648,Zeugma-Linked,Rhino,R4,0 days 02:10:29.958000
649,Zeugma,Rhino,R0,0 days 00:52:29.975000
649,Zeugma,Rhino,R2,0 days 00:25:37.601000
649,Zeugma,Rhino,R3,0 days 00:00:08.128000
649,Zeugma,Rhino,R4,0 days 00:40:26.951000
65,Zest,Bcel,B0,0 days 00:10:02.991000
650,Zeugma-1PT,Rhino,R1,0 days 00:01:22.564000
650,Zeugma-1PT,Rhino,R3,0 days 00:00:01.320000
650,Zeugma-1PT,Rhino,R4,0 days 00:48:51.330000
651,Zeugma-2PT,Rhino,R1,0 days 00:57:13.579000
651,Zeugma-2PT,Rhino,R2,0 days 02:10:29.018000
651,Zeugma-2PT,Rhino,R3,0 days 00:00:03.136000
651,Zeugma-2PT,Rhino,R4,0 days 01:28:45.992000
66,Zeugma-Linked,Bcel,B0,0 days 00:03:36.969000
668,BeDivFuzz-Simple,Bcel,B0,0 days 02:25:09.397000
669,BeDivFuzz-Structure,Bcel,B0,0 days 02:01:05.351000
67,Zeugma,Bcel,B0,0 days 00:47:27.436000
670,Zest,Bcel,B0,0 days 00:31:27.147000
671,Zeugma-Linked,Bcel,B0,0 days 00:06:21.928000
672,Zeugma,Bcel,B0,0 days 00:36:54.509000
673,Zeugma-1PT,Bcel,B0,0 days 00:06:15.490000
674,Zeugma-2PT,Bcel,B0,0 days 00:03:35.800000
675,BeDivFuzz-Simple,Closure,C1,0 days 00:18:40.450000
676,BeDivFuzz-Structure,Closure,C1,0 days 00:55:33.720000
677,RLCheck,Closure,C1,0 days 00:09:15.352000
678,Zest,Closure,C0,0 days 01:54:05.026000
678,Zest,Closure,C1,0 days 00:13:32.365000
679,Zeugma-Linked,Closure,C0,0 days 02:21:38.184000
679,Zeugma-Linked,Closure,C1,0 days 00:02:09.401000
68,Zeugma-1PT,Bcel,B0,0 days 00:16:06.860000
680,Zeugma,Closure,C1,0 days 00:01:28.544000
681,Zeugma-1PT,Closure,C1,0 days 00:03:37.901000
682,Zeugma-2PT,Closure,C1,0 days 00:14:02.168000
69,Zeugma-2PT,Bcel,B0,0 days 00:06:53.014000
695,Zeugma-Linked,Nashorn,N0,0 days 00:14:44.429000
695,Zeugma-Linked,Nashorn,N2,0 days 01:20:08.300000
696,Zeugma,Nashorn,N0,0 days 01:05:29.876000
699,BeDivFuzz-Simple,Rhino,R1,0 days 01:06:09.272000
699,BeDivFuzz-Simple,Rhino,R3,0 days 00:00:02.240000
70,BeDivFuzz-Simple,Closure,C1,0 days 00:16:50.512000
700,BeDivFuzz-Structure,Rhino,R3,0 days 00:00:04.940000
701,RLCheck,Rhino,R3,0 days 00:00:10.316000
702,Zest,Rhino,R1,0 days 00:02:04.817000
702,Zest,Rhino,R3,0 days 00:00:01.396000
703,Zeugma-Linked,Rhino,R0,0 days 00:55:54.225000
703,Zeugma-Linked,Rhino,R1,0 days 01:03:33.919000
703,Zeugma-Linked,Rhino,R2,0 days 01:16:27.256000
703,Zeugma-Linked,Rhino,R3,0 days 00:00:37.033000
703,Zeugma-Linked,Rhino,R4,0 days 02:32:51.577000
704,Zeugma,Rhino,R2,0 days 00:44:32.668000
704,Zeugma,Rhino,R3,0 days 00:00:15.624000
704,Zeugma,Rhino,R4,0 days 02:11:24.132000
705,Zeugma-1PT,Rhino,R1,0 days 00:38:49.030000
705,Zeugma-1PT,Rhino,R2,0 days 01:42:43.454000
705,Zeugma-1PT,Rhino,R3,0 days 00:00:19.332000
705,Zeugma-1PT,Rhino,R4,0 days 00:48:09.102000
706,Zeugma-2PT,Rhino,R0,0 days 00:50:15.125000
706,Zeugma-2PT,Rhino,R1,0 days 01:29:50.602000
706,Zeugma-2PT,Rhino,R2,0 days 00:43:30.086000
706,Zeugma-2PT,Rhino,R3,0 days 00:00:00.956000
706,Zeugma-2PT,Rhino,R4,0 days 02:09:54.035000
71,BeDivFuzz-Structure,Closure,C1,0 days 00:10:47.964000
72,RLCheck,Closure,C0,0 days 02:02:13.476000
72,RLCheck,Closure,C1,0 days 00:10:28.428000
723,BeDivFuzz-Simple,Bcel,B0,0 days 01:13:58.211000
724,BeDivFuzz-Structure,Bcel,B0,0 days 00:40:21.777000
725,Zest,Bcel,B0,0 days 00:10:53.100000
726,Zeugma-Linked,Bcel,B0,0 days 00:09:11.563000
727,Zeugma,Bcel,B0,0 days 00:16:37.449000
728,Zeugma-1PT,Bcel,B0,0 days 00:06:26.783000
729,Zeugma-2PT,Bcel,B0,0 days 00:39:53.131000
73,Zest,Closure,C1,0 days 00:22:17.388000
730,BeDivFuzz-Simple,Closure,C1,0 days 01:49:01.572000
731,BeDivFuzz-Structure,Closure,C1,0 days 00:55:27.038000
732,RLCheck,Closure,C0,0 days 01:37:20.709000
732,RLCheck,Closure,C1,0 days 00:08:18.880000
733,Zest,Closure,C1,0 days 01:19:04.021000
734,Zeugma-Linked,Closure,C1,0 days 00:04:32.720000
735,Zeugma,Closure,C0,0 days 02:40:38.178000
735,Zeugma,Closure,C1,0 days 00:00:58.476000
736,Zeugma-1PT,Closure,C1,0 days 00:01:38.308000
737,Zeugma-2PT,Closure,C0,0 days 02:53:38.374000
737,Zeugma-2PT,Closure,C1,0 days 00:03:01.060000
74,Zeugma-Linked,Closure,C0,0 days 01:50:42.952000
74,Zeugma-Linked,Closure,C1,0 days 00:14:33.273000
75,Zeugma,Closure,C1,0 days 00:10:08.491000
750,Zeugma-Linked,Nashorn,N0,0 days 00:18:40.259000
751,Zeugma,Nashorn,N0,0 days 01:58:53.551000
753,Zeugma-2PT,Nashorn,N0,0 days 01:48:52.241000
754,BeDivFuzz-Simple,Rhino,R3,0 days 00:00:07.688000
755,BeDivFuzz-Structure,Rhino,R1,0 days 01:04:43.919000
755,BeDivFuzz-Structure,Rhino,R3,0 days 00:00:04.508000
756,RLCheck,Rhino,R3,0 days 00:00:09.440000
757,Zest,Rhino,R1,0 days 00:13:06.217000
757,Zest,Rhino,R3,0 days 00:00:05.096000
758,Zeugma-Linked,Rhino,R0,0 days 00:45:32.486000
758,Zeugma-Linked,Rhino,R1,0 days 00:31:24.405000
758,Zeugma-Linked,Rhino,R2,0 days 00:34:11.181000
758,Zeugma-Linked,Rhino,R3,0 days 00:00:06.696000
758,Zeugma-Linked,Rhino,R4,0 days 00:31:16.441000
759,Zeugma,Rhino,R0,0 days 00:58:05.925000
759,Zeugma,Rhino,R1,0 days 00:39:47.234000
759,Zeugma,Rhino,R2,0 days 00:13:13.348000
759,Zeugma,Rhino,R3,0 days 00:00:21.044000
759,Zeugma,Rhino,R4,0 days 02:37:51.893000
76,Zeugma-1PT,Closure,C1,0 days 00:00:28.572000
760,Zeugma-1PT,Rhino,R0,0 days 02:35:07.567000
760,Zeugma-1PT,Rhino,R1,0 days 00:22:05.727000
760,Zeugma-1PT,Rhino,R2,0 days 01:43:36.150000
760,Zeugma-1PT,Rhino,R3,0 days 00:00:12.048000
760,Zeugma-1PT,Rhino,R4,0 days 00:48:33.164000
761,Zeugma-2PT,Rhino,R0,0 days 01:03:36.687000
761,Zeugma-2PT,Rhino,R1,0 days 00:33:10.040000
761,Zeugma-2PT,Rhino,R2,0 days 02:24:50.137000
761,Zeugma-2PT,Rhino,R3,0 days 00:00:09.992000
761,Zeugma-2PT,Rhino,R4,0 days 01:14:02.847000
77,Zeugma-2PT,Closure,C1,0 days 00:02:46.580000
778,BeDivFuzz-Simple,Bcel,B0,0 days 00:28:40.938000
779,BeDivFuzz-Structure,Bcel,B0,0 days 02:06:29.192000
780,Zest,Bcel,B0,0 days 00:56:25.753000
781,Zeugma-Linked,Bcel,B0,0 days 00:02:03.225000
782,Zeugma,Bcel,B0,0 days 00:23:38.097000
783,Zeugma-1PT,Bcel,B0,0 days 00:39:52.103000
784,Zeugma-2PT,Bcel,B0,0 days 00:09:43.103000
785,BeDivFuzz-Simple,Closure,C1,0 days 00:11:11.293000
786,BeDivFuzz-Structure,Closure,C1,0 days 00:33:57.510000
787,RLCheck,Closure,C1,0 days 00:10:02.431000
788,Zest,Closure,C1,0 days 00:37:52.842000
789,Zeugma-Linked,Closure,C1,0 days 00:04:17.558000
790,Zeugma,Closure,C1,0 days 00:02:32.920000
791,Zeugma-1PT,Closure,C0,0 days 01:36:52.896000
791,Zeugma-1PT,Closure,C1,0 days 00:14:55.185000
792,Zeugma-2PT,Closure,C1,0 days 00:08:36.523000
805,Zeugma-Linked,Nashorn,N0,0 days 00:06:18.635000
805,Zeugma-Linked,Nashorn,N2,0 days 00:42:12.930000
806,Zeugma,Nashorn,N0,0 days 01:07:55.438000
807,Zeugma-1PT,Nashorn,N0,0 days 01:01:11.041000
809,BeDivFuzz-Simple,Rhino,R1,0 days 01:21:56.940000
809,BeDivFuzz-Simple,Rhino,R3,0 days 00:00:04.496000
810,BeDivFuzz-Structure,Rhino,R1,0 days 00:32:06.882000
810,BeDivFuzz-Structure,Rhino,R3,0 days 00:00:17.184000
811,RLCheck,Rhino,R3,0 days 00:00:08.788000
812,Zest,Rhino,R1,0 days 01:15:53.407000
812,Zest,Rhino,R3,0 days 00:00:02.820000
813,Zeugma-Linked,Rhino,R0,0 days 01:08:11.717000
813,Zeugma-Linked,Rhino,R1,0 days 00:10:09.860000
813,Zeugma-Linked,Rhino,R2,0 days 01:01:27.051000
813,Zeugma-Linked,Rhino,R3,0 days 00:00:03.788000
813,Zeugma-Linked,Rhino,R4,0 days 01:40:11.809000
814,Zeugma,Rhino,R0,0 days 01:50:55.429000
814,Zeugma,Rhino,R1,0 days 02:18:04.935000
814,Zeugma,Rhino,R2,0 days 00:18:12.271000
814,Zeugma,Rhino,R3,0 days 00:00:03.800000
814,Zeugma,Rhino,R4,0 days 00:37:39.810000
815,Zeugma-1PT,Rhino,R0,0 days 01:09:43.242000
815,Zeugma-1PT,Rhino,R1,0 days 02:32:17.017000
815,Zeugma-1PT,Rhino,R2,0 days 02:13:41.922000
815,Zeugma-1PT,Rhino,R3,0 days 00:00:06.245000
815,Zeugma-1PT,Rhino,R4,0 days 02:07:52.400000
816,Zeugma-2PT,Rhino,R0,0 days 00:21:34.853000
816,Zeugma-2PT,Rhino,R2,0 days 00:30:24.817000
816,Zeugma-2PT,Rhino,R3,0 days 00:00:01.696000
816,Zeugma-2PT,Rhino,R4,0 days 02:22:48.943000
833,BeDivFuzz-Simple,Bcel,B0,0 days 01:46:18.754000
834,BeDivFuzz-Structure,Bcel,B0,0 days 02:08:41.239000
835,Zest,Bcel,B0,0 days 01:42:46.052000
836,Zeugma-Linked,Bcel,B0,0 days 00:08:52.332000
837,Zeugma,Bcel,B0,0 days 00:17:53.320000
838,Zeugma-1PT,Bcel,B0,0 days 00:27:41.590000
839,Zeugma-2PT,Bcel,B0,0 days 00:41:12.166000
840,BeDivFuzz-Simple,Closure,C1,0 days 00:00:45.481000
841,BeDivFuzz-Structure,Closure,C1,0 days 00:18:06.813000
842,RLCheck,Closure,C1,0 days 00:08:40.989000
843,Zest,Closure,C0,0 days 01:57:24.203000
843,Zest,Closure,C1,0 days 00:39:00.287000
844,Zeugma-Linked,Closure,C0,0 days 01:54:57.567000
844,Zeugma-Linked,Closure,C1,0 days 00:06:02.250000
845,Zeugma,Closure,C0,0 days 01:11:37.840000
845,Zeugma,Closure,C1,0 days 00:01:45.897000
846,Zeugma-1PT,Closure,C0,0 days 00:46:27.834000
846,Zeugma-1PT,Closure,C1,0 days 00:06:12.728000
847,Zeugma-2PT,Closure,C1,0 days 00:00:52.184000
860,Zeugma-Linked,Nashorn,N0,0 days 00:23:51.477000
860,Zeugma-Linked,Nashorn,N2,0 days 02:23:15.279000
861,Zeugma,Nashorn,N0,0 days 01:31:26.410000
863,Zeugma-2PT,Nashorn,N0,0 days 01:11:30.812000
864,BeDivFuzz-Simple,Rhino,R3,0 days 00:00:06.360000
865,BeDivFuzz-Structure,Rhino,R1,0 days 02:24:26.106000
865,BeDivFuzz-Structure,Rhino,R3,0 days 00:00:37.644000
866,RLCheck,Rhino,R3,0 days 00:00:08.748000
867,Zest,Rhino,R1,0 days 02:17:48.910000
867,Zest,Rhino,R3,0 days 00:00:04.044000
868,Zeugma-Linked,Rhino,R0,0 days 00:23:03.249000
868,Zeugma-Linked,Rhino,R1,0 days 00:15:04.038000
868,Zeugma-Linked,Rhino,R2,0 days 00:36:22.053000
868,Zeugma-Linked,Rhino,R3,0 days 00:00:07.904000
868,Zeugma-Linked,Rhino,R4,0 days 01:00:29.050000
869,Zeugma,Rhino,R0,0 days 00:34:02.312000
869,Zeugma,Rhino,R1,0 days 00:34:49.841000
869,Zeugma,Rhino,R2,0 days 00:56:01.493000
869,Zeugma,Rhino,R3,0 days 00:00:05.352000
869,Zeugma,Rhino,R4,0 days 01:56:05.855000
870,Zeugma-1PT,Rhino,R0,0 days 00:57:23.442000
870,Zeugma-1PT,Rhino,R1,0 days 00:46:25.186000
870,Zeugma-1PT,Rhino,R2,0 days 01:14:05.873000
870,Zeugma-1PT,Rhino,R3,0 days 00:00:03.672000
870,Zeugma-1PT,Rhino,R4,0 days 00:35:26.674000
871,Zeugma-2PT,Rhino,R1,0 days 01:14:43.751000
871,Zeugma-2PT,Rhino,R3,0 days 00:00:03.736000
871,Zeugma-2PT,Rhino,R4,0 days 02:04:50.518000
888,BeDivFuzz-Simple,Bcel,B0,0 days 00:11:38.401000
889,BeDivFuzz-Structure,Bcel,B0,0 days 00:06:50.615000
890,Zest,Bcel,B0,0 days 01:23:19.796000
891,Zeugma-Linked,Bcel,B0,0 days 00:03:40.688000
892,Zeugma,Bcel,B0,0 days 00:25:57.253000
893,Zeugma-1PT,Bcel,B0,0 days 00:07:15.619000
894,Zeugma-2PT,Bcel,B0,0 days 00:32:51.053000
895,BeDivFuzz-Simple,Closure,C1,0 days 00:06:28.408000
896,BeDivFuzz-Structure,Closure,C1,0 days 00:40:27.538000
897,RLCheck,Closure,C1,0 days 00:03:28.912000
898,Zest,Closure,C0,0 days 00:41:55.519000
898,Zest,Closure,C1,0 days 00:27:27.267000
899,Zeugma-Linked,Closure,C0,0 days 02:10:08.232000
899,Zeugma-Linked,Closure,C1,0 days 00:03:16.463000
90,Zeugma-Linked,Nashorn,N0,0 days 00:51:35.513000
900,Zeugma,Closure,C1,0 days 00:00:10.028000
901,Zeugma-1PT,Closure,C1,0 days 00:06:16.466000
902,Zeugma-2PT,Closure,C1,0 days 00:04:53.582000
91,Zeugma,Nashorn,N0,0 days 00:32:58.631000
915,Zeugma-Linked,Nashorn,N0,0 days 00:23:04.715000
915,Zeugma-Linked,Nashorn,N2,0 days 02:11:16.715000
916,Zeugma,Nashorn,N0,0 days 02:28:20.317000
919,BeDivFuzz-Simple,Rhino,R1,0 days 02:28:05.922000
919,BeDivFuzz-Simple,Rhino,R3,0 days 00:00:02.492000
92,Zeugma-1PT,Nashorn,N0,0 days 02:02:27.264000
920,BeDivFuzz-Structure,Rhino,R1,0 days 00:09:08.748000
920,BeDivFuzz-Structure,Rhino,R3,0 days 00:00:02.684000
921,RLCheck,Rhino,R3,0 days 00:00:08.528000
922,Zest,Rhino,R1,0 days 01:54:49.597000
922,Zest,Rhino,R3,0 days 00:00:00.268000
923,Zeugma-Linked,Rhino,R0,0 days 00:48:05.126000
923,Zeugma-Linked,Rhino,R1,0 days 00:50:59.314000
923,Zeugma-Linked,Rhino,R2,0 days 00:58:07.198000
923,Zeugma-Linked,Rhino,R3,0 days 00:00:02.668000
923,Zeugma-Linked,Rhino,R4,0 days 01:29:59.952000
924,Zeugma,Rhino,R1,0 days 00:14:07.429000
924,Zeugma,Rhino,R2,0 days 00:19:06.437000
924,Zeugma,Rhino,R3,0 days 00:00:06.064000
924,Zeugma,Rhino,R4,0 days 02:00:38.765000
925,Zeugma-1PT,Rhino,R0,0 days 02:43:51.247000
925,Zeugma-1PT,Rhino,R1,0 days 00:09:28.580000
925,Zeugma-1PT,Rhino,R2,0 days 00:22:01.389000
925,Zeugma-1PT,Rhino,R3,0 days 00:00:05.084000
925,Zeugma-1PT,Rhino,R4,0 days 02:57:40.152000
926,Zeugma-2PT,Rhino,R1,0 days 00:24:31.922000
926,Zeugma-2PT,Rhino,R3,0 days 00:00:04.400000
926,Zeugma-2PT,Rhino,R4,0 days 02:48:09.378000
94,BeDivFuzz-Simple,Rhino,R3,0 days 00:00:02.076000
943,BeDivFuzz-Simple,Bcel,B0,0 days 02:14:54.448000
944,BeDivFuzz-Structure,Bcel,B0,0 days 00:50:20.424000
945,Zest,Bcel,B0,0 days 00:37:30.082000
946,Zeugma-Linked,Bcel,B0,0 days 00:29:58.335000
947,Zeugma,Bcel,B0,0 days 00:16:55.786000
948,Zeugma-1PT,Bcel,B0,0 days 00:10:48.408000
948,Zeugma-1PT,Bcel,B1,0 days 02:56:01.409000
949,Zeugma-2PT,Bcel,B0,0 days 00:37:11.552000
95,BeDivFuzz-Structure,Rhino,R1,0 days 00:01:18.217000
95,BeDivFuzz-Structure,Rhino,R3,0 days 00:00:10.744000
950,BeDivFuzz-Simple,Closure,C1,0 days 00:02:18.473000
951,BeDivFuzz-Structure,Closure,C1,0 days 00:07:13.850000
952,RLCheck,Closure,C1,0 days 00:10:19.387000
953,Zest,Closure,C0,0 days 02:31:00.676000
953,Zest,Closure,C1,0 days 00:34:23.325000
954,Zeugma-Linked,Closure,C0,0 days 01:05:13.915000
954,Zeugma-Linked,Closure,C1,0 days 00:11:30.757000
955,Zeugma,Closure,C0,0 days 01:23:36.864000
955,Zeugma,Closure,C1,0 days 00:04:56.244000
956,Zeugma-1PT,Closure,C0,0 days 02:11:36.495000
956,Zeugma-1PT,Closure,C1,0 days 00:05:17.590000
957,Zeugma-2PT,Closure,C0,0 days 01:39:53.280000
957,Zeugma-2PT,Closure,C1,0 days 00:00:23.160000
96,RLCheck,Rhino,R3,0 days 00:00:10.792000
97,Zest,Rhino,R1,0 days 00:06:44.734000
97,Zest,Rhino,R2,0 days 01:03:31.507000
97,Zest,Rhino,R3,0 days 00:00:02.356000
970,Zeugma-Linked,Nashorn,N0,0 days 00:17:47.345000
974,BeDivFuzz-Simple,Rhino,R3,0 days 00:00:11.352000
975,BeDivFuzz-Structure,Rhino,R1,0 days 02:41:41.725000
975,BeDivFuzz-Structure,Rhino,R3,0 days 00:00:06.224000
976,RLCheck,Rhino,R3,0 days 00:00:09.076000
977,Zest,Rhino,R1,0 days 00:15:02.493000
977,Zest,Rhino,R3,0 days 00:00:01.060000
978,Zeugma-Linked,Rhino,R0,0 days 01:24:01.361000
978,Zeugma-Linked,Rhino,R1,0 days 00:05:29.830000
978,Zeugma-Linked,Rhino,R2,0 days 00:54:37.777000
978,Zeugma-Linked,Rhino,R3,0 days 00:00:06.584000
978,Zeugma-Linked,Rhino,R4,0 days 02:18:40.302000
979,Zeugma,Rhino,R0,0 days 00:35:18.529000
979,Zeugma,Rhino,R1,0 days 01:02:34.543000
979,Zeugma,Rhino,R2,0 days 00:16:05.933000
979,Zeugma,Rhino,R3,0 days 00:00:05.212000
98,Zeugma-Linked,Rhino,R0,0 days 02:53:16.078000
98,Zeugma-Linked,Rhino,R1,0 days 02:27:35.878000
98,Zeugma-Linked,Rhino,R2,0 days 00:33:06.947000
98,Zeugma-Linked,Rhino,R3,0 days 00:00:06.976000
98,Zeugma-Linked,Rhino,R4,0 days 00:22:09.595000
980,Zeugma-1PT,Rhino,R1,0 days 00:39:05.859000
980,Zeugma-1PT,Rhino,R2,0 days 00:32:43.163000
980,Zeugma-1PT,Rhino,R3,0 days 00:00:07.504000
980,Zeugma-1PT,Rhino,R4,0 days 02:19:46.527000
981,Zeugma-2PT,Rhino,R3,0 days 00:00:04.284000
981,Zeugma-2PT,Rhino,R4,0 days 00:36:39.546000
99,Zeugma,Rhino,R0,0 days 01:04:19.359000
99,Zeugma,Rhino,R1,0 days 01:34:13.054000
99,Zeugma,Rhino,R2,0 days 00:54:07.395000
99,Zeugma,Rhino,R3,0 days 00:00:21.800000
99,Zeugma,Rhino,R4,0 days 01:48:52.556000
871,Zeugma-2PT,Rhino,R0,
871,Zeugma-2PT,Rhino,R2,
806,Zeugma,Nashorn,N2,
806,Zeugma,Nashorn,N1,
1085,BeDivFuzz-Structure,Rhino,R0,
1085,BeDivFuzz-Structure,Rhino,R2,
1085,BeDivFuzz-Structure,Rhino,R4,
949,Zeugma-2PT,Bcel,B1,
185,Zeugma,Closure,C0,
96,RLCheck,Rhino,R0,
96,RLCheck,Rhino,R1,
96,RLCheck,Rhino,R2,
96,RLCheck,Rhino,R4,
692,BeDivFuzz-Structure,Nashorn,N0,
692,BeDivFuzz-Structure,Nashorn,N2,
692,BeDivFuzz-Structure,Nashorn,N1,
528,RLCheck,Nashorn,N0,
528,RLCheck,Nashorn,N2,
528,RLCheck,Nashorn,N1,
537,Zest,Rhino,R0,
537,Zest,Rhino,R2,
537,Zest,Rhino,R4,
920,BeDivFuzz-Structure,Rhino,R0,
920,BeDivFuzz-Structure,Rhino,R2,
920,BeDivFuzz-Structure,Rhino,R4,
756,RLCheck,Rhino,R0,
756,RLCheck,Rhino,R1,
756,RLCheck,Rhino,R2,
756,RLCheck,Rhino,R4,
695,Zeugma-Linked,Nashorn,N1,
179,Zeugma-2PT,Bcel,B1,
778,BeDivFuzz-Simple,Bcel,B1,
236,BeDivFuzz-Structure,Closure,C0,
752,Zeugma-1PT,Nashorn,N0,
752,Zeugma-1PT,Nashorn,N2,
752,Zeugma-1PT,Nashorn,N1,
201,Zeugma,Nashorn,N0,
201,Zeugma,Nashorn,N2,
201,Zeugma,Nashorn,N1,
1029,BeDivFuzz-Simple,Rhino,R0,
1029,BeDivFuzz-Simple,Rhino,R2,
1029,BeDivFuzz-Simple,Rhino,R4,
808,Zeugma-2PT,Nashorn,N0,
808,Zeugma-2PT,Nashorn,N2,
808,Zeugma-2PT,Nashorn,N1,
352,Zeugma-2PT,Closure,C0,
625,Zeugma,Closure,C0,
682,Zeugma-2PT,Closure,C0,
681,Zeugma-1PT,Closure,C0,
1067,Zeugma-2PT,Closure,C0,
704,Zeugma,Rhino,R0,
704,Zeugma,Rhino,R1,
694,Zest,Nashorn,N0,
694,Zest,Nashorn,N2,
694,Zest,Nashorn,N1,
893,Zeugma-1PT,Bcel,B1,
477,Zeugma-1PT,Nashorn,N0,
477,Zeugma-1PT,Nashorn,N2,
477,Zeugma-1PT,Nashorn,N1,
731,BeDivFuzz-Structure,Closure,C0,
34,Zest,Nashorn,N0,
34,Zest,Nashorn,N2,
34,Zest,Nashorn,N1,
650,Zeugma-1PT,Rhino,R0,
650,Zeugma-1PT,Rhino,R2,
952,RLCheck,Closure,C0,
321,Zeugma-2PT,Rhino,R4,
1081,Zeugma,Nashorn,N2,
1081,Zeugma,Nashorn,N1,
1035,Zeugma-1PT,Rhino,R1,
1035,Zeugma-1PT,Rhino,R4,
394,BeDivFuzz-Structure,Bcel,B1,
316,RLCheck,Rhino,R0,
316,RLCheck,Rhino,R1,
316,RLCheck,Rhino,R2,
316,RLCheck,Rhino,R4,
911,BeDivFuzz-Simple,Nashorn,N0,
911,BeDivFuzz-Simple,Nashorn,N2,
911,BeDivFuzz-Simple,Nashorn,N1,
14,Zeugma-2PT,Bcel,B1,
476,Zeugma,Nashorn,N0,
476,Zeugma,Nashorn,N2,
476,Zeugma,Nashorn,N1,
368,Zeugma-2PT,Nashorn,N2,
368,Zeugma-2PT,Nashorn,N1,
651,Zeugma-2PT,Rhino,R0,
804,Zest,Nashorn,N0,
804,Zest,Nashorn,N2,
804,Zest,Nashorn,N1,
969,Zest,Nashorn,N0,
969,Zest,Nashorn,N2,
969,Zest,Nashorn,N1,
922,Zest,Rhino,R0,
922,Zest,Rhino,R2,
922,Zest,Rhino,R4,
680,Zeugma,Closure,C0,
1053,BeDivFuzz-Simple,Bcel,B1,
623,Zest,Closure,C0,
896,BeDivFuzz-Structure,Closure,C0,
780,Zest,Bcel,B1,
154,Zeugma,Rhino,R4,
725,Zest,Bcel,B1,
234,Zeugma-2PT,Bcel,B1,
340,Zest,Bcel,B1,
67,Zeugma,Bcel,B1,
701,RLCheck,Rhino,R0,
701,RLCheck,Rhino,R1,
701,RLCheck,Rhino,R2,
701,RLCheck,Rhino,R4,
626,Zeugma-1PT,Closure,C0,
289,Zeugma-2PT,Bcel,B1,
726,Zeugma-Linked,Bcel,B1,
87,BeDivFuzz-Structure,Nashorn,N0,
87,BeDivFuzz-Structure,Nashorn,N2,
87,BeDivFuzz-Structure,Nashorn,N1,
371,RLCheck,Rhino,R0,
371,RLCheck,Rhino,R1,
371,RLCheck,Rhino,R2,
371,RLCheck,Rhino,R4,
792,Zeugma-2PT,Closure,C0,
810,BeDivFuzz-Structure,Rhino,R0,
810,BeDivFuzz-Structure,Rhino,R2,
810,BeDivFuzz-Structure,Rhino,R4,
803,RLCheck,Nashorn,N0,
803,RLCheck,Nashorn,N2,
803,RLCheck,Nashorn,N1,
10,Zest,Bcel,B1,
613,BeDivFuzz-Simple,Bcel,B1,
101,Zeugma-2PT,Rhino,R0,
101,Zeugma-2PT,Rhino,R2,
1024,Zest,Nashorn,N0,
1024,Zest,Nashorn,N2,
1024,Zest,Nashorn,N1,
459,Zeugma-Linked,Closure,C0,
503,BeDivFuzz-Simple,Bcel,B0,
503,BeDivFuzz-Simple,Bcel,B1,
1086,RLCheck,Rhino,R0,
1086,RLCheck,Rhino,R1,
1086,RLCheck,Rhino,R2,
1086,RLCheck,Rhino,R4,
816,Zeugma-2PT,Rhino,R1,
842,RLCheck,Closure,C0,
1025,Zeugma-Linked,Nashorn,N1,
571,Zeugma-1PT,Closure,C0,
362,BeDivFuzz-Structure,Nashorn,N0,
362,BeDivFuzz-Structure,Nashorn,N2,
362,BeDivFuzz-Structure,Nashorn,N1,
156,Zeugma-2PT,Rhino,R4,
448,BeDivFuzz-Simple,Bcel,B0,
448,BeDivFuzz-Simple,Bcel,B1,
561,Zeugma-Linked,Bcel,B1,
621,BeDivFuzz-Structure,Closure,C0,
129,Zeugma-Linked,Closure,C0,
153,Zeugma-Linked,Rhino,R4,
365,Zeugma-Linked,Nashorn,N1,
589,BeDivFuzz-Simple,Rhino,R0,
589,BeDivFuzz-Simple,Rhino,R1,
589,BeDivFuzz-Simple,Rhino,R2,
589,BeDivFuzz-Simple,Rhino,R4,
747,BeDivFuzz-Structure,Nashorn,N0,
747,BeDivFuzz-Structure,Nashorn,N2,
747,BeDivFuzz-Structure,Nashorn,N1,
691,BeDivFuzz-Simple,Nashorn,N0,
691,BeDivFuzz-Simple,Nashorn,N2,
691,BeDivFuzz-Simple,Nashorn,N1,
350,Zeugma,Closure,C0,
372,Zest,Rhino,R0,
372,Zest,Rhino,R2,
372,Zest,Rhino,R4,
343,Zeugma-1PT,Bcel,B1,
751,Zeugma,Nashorn,N2,
751,Zeugma,Nashorn,N1,
510,BeDivFuzz-Simple,Closure,C0,
750,Zeugma-Linked,Nashorn,N2,
750,Zeugma-Linked,Nashorn,N1,
141,BeDivFuzz-Simple,Nashorn,N0,
141,BeDivFuzz-Simple,Nashorn,N2,
141,BeDivFuzz-Simple,Nashorn,N1,
211,Zeugma-2PT,Rhino,R0,
211,Zeugma-2PT,Rhino,R4,
698,Zeugma-2PT,Nashorn,N0,
698,Zeugma-2PT,Nashorn,N2,
698,Zeugma-2PT,Nashorn,N1,
642,Zeugma-1PT,Nashorn,N0,
642,Zeugma-1PT,Nashorn,N2,
642,Zeugma-1PT,Nashorn,N1,
229,BeDivFuzz-Structure,Bcel,B0,
229,BeDivFuzz-Structure,Bcel,B1,
452,Zeugma,Bcel,B1,
455,BeDivFuzz-Simple,Closure,C0,
132,Zeugma-2PT,Closure,C0,
586,Zeugma,Nashorn,N1,
787,RLCheck,Closure,C0,
699,BeDivFuzz-Simple,Rhino,R0,
699,BeDivFuzz-Simple,Rhino,R2,
699,BeDivFuzz-Simple,Rhino,R4,
809,BeDivFuzz-Simple,Rhino,R0,
809,BeDivFuzz-Simple,Rhino,R2,
809,BeDivFuzz-Simple,Rhino,R4,
424,BeDivFuzz-Simple,Rhino,R0,
424,BeDivFuzz-Simple,Rhino,R1,
424,BeDivFuzz-Simple,Rhino,R2,
424,BeDivFuzz-Simple,Rhino,R4,
205,BeDivFuzz-Structure,Rhino,R0,
205,BeDivFuzz-Structure,Rhino,R2,
205,BeDivFuzz-Structure,Rhino,R4,
364,Zest,Nashorn,N0,
364,Zest,Nashorn,N2,
364,Zest,Nashorn,N1,
142,BeDivFuzz-Structure,Nashorn,N0,
142,BeDivFuzz-Structure,Nashorn,N2,
142,BeDivFuzz-Structure,Nashorn,N1,
836,Zeugma-Linked,Bcel,B1,
425,BeDivFuzz-Structure,Rhino,R0,
425,BeDivFuzz-Structure,Rhino,R2,
425,BeDivFuzz-Structure,Rhino,R4,
1083,Zeugma-2PT,Nashorn,N0,
1083,Zeugma-2PT,Nashorn,N2,
1083,Zeugma-2PT,Nashorn,N1,
35,Zeugma-Linked,Nashorn,N2,
35,Zeugma-Linked,Nashorn,N1,
536,RLCheck,Rhino,R0,
536,RLCheck,Rhino,R1,
536,RLCheck,Rhino,R2,
536,RLCheck,Rhino,R4,
1010,Zeugma,Closure,C0,
122,Zeugma,Bcel,B1,
1066,Zeugma-1PT,Closure,C0,
975,BeDivFuzz-Structure,Rhino,R0,
975,BeDivFuzz-Structure,Rhino,R2,
975,BeDivFuzz-Structure,Rhino,R4,
649,Zeugma,Rhino,R1,
998,BeDivFuzz-Simple,Bcel,B0,
998,BeDivFuzz-Simple,Bcel,B1,
729,Zeugma-2PT,Bcel,B1,
176,Zeugma-Linked,Bcel,B1,
423,Zeugma-2PT,Nashorn,N0,
423,Zeugma-2PT,Nashorn,N2,
423,Zeugma-2PT,Nashorn,N1,
914,Zest,Nashorn,N0,
914,Zest,Nashorn,N2,
914,Zest,Nashorn,N1,
641,Zeugma,Nashorn,N0,
641,Zeugma,Nashorn,N2,
641,Zeugma,Nashorn,N1,
449,BeDivFuzz-Structure,Bcel,B0,
449,BeDivFuzz-Structure,Bcel,B1,
789,Zeugma-Linked,Closure,C0,
483,Zeugma-Linked,Rhino,R1,
1088,Zeugma-Linked,Rhino,R0,
835,Zest,Bcel,B1,
69,Zeugma-2PT,Bcel,B1,
76,Zeugma-1PT,Closure,C0,
150,BeDivFuzz-Structure,Rhino,R0,
150,BeDivFuzz-Structure,Rhino,R2,
150,BeDivFuzz-Structure,Rhino,R4,
200,Zeugma-Linked,Nashorn,N1,
979,Zeugma,Rhino,R4,
40,BeDivFuzz-Structure,Rhino,R0,
40,BeDivFuzz-Structure,Rhino,R2,
40,BeDivFuzz-Structure,Rhino,R4,
590,BeDivFuzz-Structure,Rhino,R0,
590,BeDivFuzz-Structure,Rhino,R2,
590,BeDivFuzz-Structure,Rhino,R4,
736,Zeugma-1PT,Closure,C0,
370,BeDivFuzz-Structure,Rhino,R0,
370,BeDivFuzz-Structure,Rhino,R1,
370,BeDivFuzz-Structure,Rhino,R2,
370,BeDivFuzz-Structure,Rhino,R4,
734,Zeugma-Linked,Closure,C0,
535,BeDivFuzz-Structure,Rhino,R0,
535,BeDivFuzz-Structure,Rhino,R1,
535,BeDivFuzz-Structure,Rhino,R2,
535,BeDivFuzz-Structure,Rhino,R4,
177,Zeugma,Bcel,B1,
584,Zest,Nashorn,N0,
584,Zest,Nashorn,N2,
584,Zest,Nashorn,N1,
616,Zeugma-Linked,Bcel,B1,
259,BeDivFuzz-Simple,Rhino,R0,
259,BeDivFuzz-Simple,Rhino,R2,
259,BeDivFuzz-Simple,Rhino,R4,
64,BeDivFuzz-Structure,Bcel,B1,
785,BeDivFuzz-Simple,Closure,C0,
146,Zeugma,Nashorn,N2,
146,Zeugma,Nashorn,N1,
837,Zeugma,Bcel,B1,
947,Zeugma,Bcel,B1,
782,Zeugma,Bcel,B1,
728,Zeugma-1PT,Bcel,B1,
790,Zeugma,Closure,C0,
297,Zeugma-2PT,Closure,C0,
208,Zeugma-Linked,Rhino,R0,
208,Zeugma-Linked,Rhino,R1,
614,BeDivFuzz-Structure,Bcel,B0,
614,BeDivFuzz-Structure,Bcel,B1,
888,BeDivFuzz-Simple,Bcel,B1,
130,Zeugma,Closure,C0,
672,Zeugma,Bcel,B1,
918,Zeugma-2PT,Nashorn,N0,
918,Zeugma-2PT,Nashorn,N2,
918,Zeugma-2PT,Nashorn,N1,
404,Zeugma-Linked,Closure,C0,
257,Zeugma-1PT,Nashorn,N2,
257,Zeugma-1PT,Nashorn,N1,
560,Zest,Bcel,B1,
783,Zeugma-1PT,Bcel,B1,
339,BeDivFuzz-Structure,Bcel,B1,
834,BeDivFuzz-Structure,Bcel,B1,
88,RLCheck,Nashorn,N0,
88,RLCheck,Nashorn,N2,
88,RLCheck,Nashorn,N1,
369,BeDivFuzz-Simple,Rhino,R0,
369,BeDivFuzz-Simple,Rhino,R1,
369,BeDivFuzz-Simple,Rhino,R2,
369,BeDivFuzz-Simple,Rhino,R4,
781,Zeugma-Linked,Bcel,B1,
618,Zeugma-1PT,Bcel,B1,
591,RLCheck,Rhino,R0,
591,RLCheck,Rhino,R1,
591,RLCheck,Rhino,R2,
591,RLCheck,Rhino,R4,
891,Zeugma-Linked,Bcel,B1,
68,Zeugma-1PT,Bcel,B1,
1006,BeDivFuzz-Structure,Closure,C0,
1055,Zest,Bcel,B1,
417,BeDivFuzz-Structure,Nashorn,N0,
417,BeDivFuzz-Structure,Nashorn,N2,
417,BeDivFuzz-Structure,Nashorn,N1,
509,Zeugma-2PT,Bcel,B1,
895,BeDivFuzz-Simple,Closure,C0,
235,BeDivFuzz-Simple,Closure,C0,
811,RLCheck,Rhino,R0,
811,RLCheck,Rhino,R1,
811,RLCheck,Rhino,R2,
811,RLCheck,Rhino,R4,
1028,Zeugma-2PT,Nashorn,N0,
1028,Zeugma-2PT,Nashorn,N2,
1028,Zeugma-2PT,Nashorn,N1,
1012,Zeugma-2PT,Closure,C0,
460,Zeugma,Closure,C0,
347,RLCheck,Closure,C0,
430,Zeugma-1PT,Rhino,R0,
430,Zeugma-1PT,Rhino,R4,
231,Zeugma-Linked,Bcel,B1,
16,BeDivFuzz-Structure,Closure,C0,
63,BeDivFuzz-Simple,Bcel,B0,
63,BeDivFuzz-Simple,Bcel,B1,
9,BeDivFuzz-Structure,Bcel,B0,
9,BeDivFuzz-Structure,Bcel,B1,
669,BeDivFuzz-Structure,Bcel,B1,
530,Zeugma-Linked,Nashorn,N2,
530,Zeugma-Linked,Nashorn,N1,
451,Zeugma-Linked,Bcel,B1,
151,RLCheck,Rhino,R0,
151,RLCheck,Rhino,R1,
151,RLCheck,Rhino,R2,
151,RLCheck,Rhino,R4,
802,BeDivFuzz-Structure,Nashorn,N0,
802,BeDivFuzz-Structure,Nashorn,N2,
802,BeDivFuzz-Structure,Nashorn,N1,
344,Zeugma-2PT,Bcel,B1,
419,Zest,Nashorn,N0,
419,Zest,Nashorn,N2,
419,Zest,Nashorn,N1,
306,BeDivFuzz-Simple,Nashorn,N0,
306,BeDivFuzz-Simple,Nashorn,N2,
306,BeDivFuzz-Simple,Nashorn,N1,
566,BeDivFuzz-Structure,Closure,C0,
482,Zest,Rhino,R0,
482,Zest,Rhino,R2,
482,Zest,Rhino,R4,
294,Zeugma-Linked,Closure,C0,
174,BeDivFuzz-Structure,Bcel,B1,
593,Zeugma-Linked,Rhino,R1,
593,Zeugma-Linked,Rhino,R2,
293,Zest,Closure,C0,
784,Zeugma-2PT,Bcel,B1,
292,RLCheck,Closure,C0,
1061,BeDivFuzz-Structure,Closure,C0,
558,BeDivFuzz-Simple,Bcel,B0,
558,BeDivFuzz-Simple,Bcel,B1,
1023,RLCheck,Nashorn,N0,
1023,RLCheck,Nashorn,N2,
1023,RLCheck,Nashorn,N1,
945,Zest,Bcel,B1,
526,BeDivFuzz-Simple,Nashorn,N0,
526,BeDivFuzz-Simple,Nashorn,N2,
526,BeDivFuzz-Simple,Nashorn,N1,
563,Zeugma-1PT,Bcel,B1,
724,BeDivFuzz-Structure,Bcel,B1,
1030,BeDivFuzz-Structure,Rhino,R0,
1030,BeDivFuzz-Structure,Rhino,R2,
1030,BeDivFuzz-Structure,Rhino,R4,
559,BeDivFuzz-Structure,Bcel,B1,
730,BeDivFuzz-Simple,Closure,C0,
182,RLCheck,Closure,C0,
12,Zeugma,Bcel,B1,
972,Zeugma-1PT,Nashorn,N0,
972,Zeugma-1PT,Nashorn,N2,
972,Zeugma-1PT,Nashorn,N1,
253,RLCheck,Nashorn,N0,
253,RLCheck,Nashorn,N2,
253,RLCheck,Nashorn,N1,
1063,Zest,Closure,C0,
472,BeDivFuzz-Structure,Nashorn,N0,
472,BeDivFuzz-Structure,Nashorn,N2,
472,BeDivFuzz-Structure,Nashorn,N1,
21,Zeugma-1PT,Closure,C0,
206,RLCheck,Rhino,R0,
206,RLCheck,Rhino,R1,
206,RLCheck,Rhino,R2,
206,RLCheck,Rhino,R4,
1077,BeDivFuzz-Structure,Nashorn,N0,
1077,BeDivFuzz-Structure,Nashorn,N2,
1077,BeDivFuzz-Structure,Nashorn,N1,
260,BeDivFuzz-Structure,Rhino,R0,
260,BeDivFuzz-Structure,Rhino,R1,
260,BeDivFuzz-Structure,Rhino,R2,
260,BeDivFuzz-Structure,Rhino,R4,
238,Zest,Closure,C0,
506,Zeugma-Linked,Bcel,B1,
37,Zeugma-1PT,Nashorn,N0,
37,Zeugma-1PT,Nashorn,N2,
37,Zeugma-1PT,Nashorn,N1,
1084,BeDivFuzz-Simple,Rhino,R0,
1084,BeDivFuzz-Simple,Rhino,R1,
1084,BeDivFuzz-Simple,Rhino,R2,
1084,BeDivFuzz-Simple,Rhino,R4,
637,BeDivFuzz-Structure,Nashorn,N0,
637,BeDivFuzz-Structure,Nashorn,N2,
637,BeDivFuzz-Structure,Nashorn,N1,
700,BeDivFuzz-Structure,Rhino,R0,
700,BeDivFuzz-Structure,Rhino,R1,
700,BeDivFuzz-Structure,Rhino,R2,
700,BeDivFuzz-Structure,Rhino,R4,
454,Zeugma-2PT,Bcel,B1,
805,Zeugma-Linked,Nashorn,N1,
41,RLCheck,Rhino,R0,
41,RLCheck,Rhino,R1,
41,RLCheck,Rhino,R2,
41,RLCheck,Rhino,R4,
196,BeDivFuzz-Simple,Nashorn,N0,
196,BeDivFuzz-Simple,Nashorn,N2,
196,BeDivFuzz-Simple,Nashorn,N1,
345,BeDivFuzz-Simple,Closure,C0,
900,Zeugma,Closure,C0,
120,Zest,Bcel,B1,
943,BeDivFuzz-Simple,Bcel,B1,
312,Zeugma-1PT,Nashorn,N2,
312,Zeugma-1PT,Nashorn,N1,
976,RLCheck,Rhino,R0,
976,RLCheck,Rhino,R1,
976,RLCheck,Rhino,R2,
976,RLCheck,Rhino,R4,
622,RLCheck,Closure,C0,
527,BeDivFuzz-Structure,Nashorn,N0,
527,BeDivFuzz-Structure,Nashorn,N2,
527,BeDivFuzz-Structure,Nashorn,N1,
91,Zeugma,Nashorn,N2,
91,Zeugma,Nashorn,N1,
480,BeDivFuzz-Structure,Rhino,R0,
480,BeDivFuzz-Structure,Rhino,R1,
480,BeDivFuzz-Structure,Rhino,R2,
480,BeDivFuzz-Structure,Rhino,R4,
38,Zeugma-2PT,Nashorn,N2,
38,Zeugma-2PT,Nashorn,N1,
181,BeDivFuzz-Structure,Closure,C0,
95,BeDivFuzz-Structure,Rhino,R0,
95,BeDivFuzz-Structure,Rhino,R2,
95,BeDivFuzz-Structure,Rhino,R4,
320,Zeugma-1PT,Rhino,R1,
505,Zest,Bcel,B1,
17,RLCheck,Closure,C0,
400,BeDivFuzz-Simple,Closure,C0,
748,RLCheck,Nashorn,N0,
748,RLCheck,Nashorn,N2,
748,RLCheck,Nashorn,N1,
144,Zest,Nashorn,N0,
144,Zest,Nashorn,N2,
144,Zest,Nashorn,N1,
418,RLCheck,Nashorn,N0,
418,RLCheck,Nashorn,N2,
418,RLCheck,Nashorn,N1,
541,Zeugma-2PT,Rhino,R2,
668,BeDivFuzz-Simple,Bcel,B1,
395,Zest,Bcel,B1,
1002,Zeugma,Bcel,B1,
261,RLCheck,Rhino,R0,
261,RLCheck,Rhino,R1,
261,RLCheck,Rhino,R2,
261,RLCheck,Rhino,R4,
640,Zeugma-Linked,Nashorn,N1,
401,BeDivFuzz-Structure,Closure,C0,
175,Zest,Bcel,B1,
93,Zeugma-2PT,Nashorn,N0,
93,Zeugma-2PT,Nashorn,N2,
93,Zeugma-2PT,Nashorn,N1,
421,Zeugma,Nashorn,N0,
421,Zeugma,Nashorn,N2,
421,Zeugma,Nashorn,N1,
346,BeDivFuzz-Structure,Closure,C0,
779,BeDivFuzz-Structure,Bcel,B1,
149,BeDivFuzz-Simple,Rhino,R0,
149,BeDivFuzz-Simple,Rhino,R1,
149,BeDivFuzz-Simple,Rhino,R2,
149,BeDivFuzz-Simple,Rhino,R4,
13,Zeugma-1PT,Bcel,B1,
89,Zest,Nashorn,N0,
89,Zest,Nashorn,N2,
89,Zest,Nashorn,N1,
753,Zeugma-2PT,Nashorn,N2,
753,Zeugma-2PT,Nashorn,N1,
453,Zeugma-1PT,Bcel,B1,
894,Zeugma-2PT,Bcel,B1,
892,Zeugma,Bcel,B1,
533,Zeugma-2PT,Nashorn,N2,
533,Zeugma-2PT,Nashorn,N1,
237,RLCheck,Closure,C0,
966,BeDivFuzz-Simple,Nashorn,N0,
966,BeDivFuzz-Simple,Nashorn,N2,
966,BeDivFuzz-Simple,Nashorn,N1,
1007,RLCheck,Closure,C0,
15,BeDivFuzz-Simple,Closure,C0,
1087,Zest,Rhino,R0,
1087,Zest,Rhino,R2,
1087,Zest,Rhino,R4,
1001,Zeugma-Linked,Bcel,B1,
127,RLCheck,Closure,C0,
180,BeDivFuzz-Simple,Closure,C0,
673,Zeugma-1PT,Bcel,B1,
286,Zeugma-Linked,Bcel,B1,
251,BeDivFuzz-Simple,Nashorn,N0,
251,BeDivFuzz-Simple,Nashorn,N2,
251,BeDivFuzz-Simple,Nashorn,N1,
8,BeDivFuzz-Simple,Bcel,B0,
8,BeDivFuzz-Simple,Bcel,B1,
974,BeDivFuzz-Simple,Rhino,R0,
974,BeDivFuzz-Simple,Rhino,R1,
974,BeDivFuzz-Simple,Rhino,R2,
974,BeDivFuzz-Simple,Rhino,R4,
1078,RLCheck,Nashorn,N0,
1078,RLCheck,Nashorn,N2,
1078,RLCheck,Nashorn,N1,
97,Zest,Rhino,R0,
97,Zest,Rhino,R4,
262,Zest,Rhino,R0,
262,Zest,Rhino,R1,
262,Zest,Rhino,R2,
262,Zest,Rhino,R4,
473,RLCheck,Nashorn,N0,
473,RLCheck,Nashorn,N2,
473,RLCheck,Nashorn,N1,
1004,Zeugma-2PT,Bcel,B1,
319,Zeugma,Rhino,R0,
319,Zeugma,Rhino,R1,
319,Zeugma,Rhino,R2,
485,Zeugma-1PT,Rhino,R1,
485,Zeugma-1PT,Rhino,R4,
572,Zeugma-2PT,Closure,C0,
592,Zest,Rhino,R0,
592,Zest,Rhino,R2,
592,Zest,Rhino,R4,
341,Zeugma-Linked,Bcel,B1,
203,Zeugma-2PT,Nashorn,N2,
203,Zeugma-2PT,Nashorn,N1,
125,BeDivFuzz-Simple,Closure,C0,
676,BeDivFuzz-Structure,Closure,C0,
697,Zeugma-1PT,Nashorn,N0,
697,Zeugma-1PT,Nashorn,N2,
697,Zeugma-1PT,Nashorn,N1,
917,Zeugma-1PT,Nashorn,N0,
917,Zeugma-1PT,Nashorn,N2,
917,Zeugma-1PT,Nashorn,N1,
32,BeDivFuzz-Structure,Nashorn,N0,
32,BeDivFuzz-Structure,Nashorn,N2,
32,BeDivFuzz-Structure,Nashorn,N1,
351,Zeugma-1PT,Closure,C0,
588,Zeugma-2PT,Nashorn,N2,
588,Zeugma-2PT,Nashorn,N1,
897,RLCheck,Closure,C0,
461,Zeugma-1PT,Closure,C0,
288,Zeugma-1PT,Bcel,B1,
529,Zest,Nashorn,N0,
529,Zest,Nashorn,N2,
529,Zest,Nashorn,N1,
399,Zeugma-2PT,Bcel,B1,
474,Zest,Nashorn,N0,
474,Zest,Nashorn,N2,
474,Zest,Nashorn,N1,
840,BeDivFuzz-Simple,Closure,C0,
152,Zest,Rhino,R0,
152,Zest,Rhino,R2,
152,Zest,Rhino,R4,
484,Zeugma,Rhino,R0,
1090,Zeugma-1PT,Rhino,R0,
1090,Zeugma-1PT,Rhino,R1,
1090,Zeugma-1PT,Rhino,R2,
1058,Zeugma-1PT,Bcel,B1,
749,Zest,Nashorn,N0,
749,Zest,Nashorn,N2,
749,Zest,Nashorn,N1,
39,BeDivFuzz-Simple,Rhino,R0,
39,BeDivFuzz-Simple,Rhino,R2,
39,BeDivFuzz-Simple,Rhino,R4,
228,BeDivFuzz-Simple,Bcel,B0,
228,BeDivFuzz-Simple,Bcel,B1,
457,RLCheck,Closure,C0,
1000,Zest,Bcel,B1,
531,Zeugma,Nashorn,N2,
531,Zeugma,Nashorn,N1,
1076,BeDivFuzz-Simple,Nashorn,N0,
1076,BeDivFuzz-Simple,Nashorn,N2,
1076,BeDivFuzz-Simple,Nashorn,N1,
45,Zeugma-1PT,Rhino,R1,
31,BeDivFuzz-Simple,Nashorn,N0,
31,BeDivFuzz-Simple,Nashorn,N2,
31,BeDivFuzz-Simple,Nashorn,N1,
426,RLCheck,Rhino,R0,
426,RLCheck,Rhino,R1,
426,RLCheck,Rhino,R2,
426,RLCheck,Rhino,R4,
847,Zeugma-2PT,Closure,C0,
405,Zeugma,Closure,C0,
22,Zeugma-2PT,Closure,C0,
342,Zeugma,Bcel,B1,
128,Zest,Closure,C0,
912,BeDivFuzz-Structure,Nashorn,N0,
912,BeDivFuzz-Structure,Nashorn,N2,
912,BeDivFuzz-Structure,Nashorn,N1,
46,Zeugma-2PT,Rhino,R0,
46,Zeugma-2PT,Rhino,R2,
307,BeDivFuzz-Structure,Nashorn,N0,
307,BeDivFuzz-Structure,Nashorn,N2,
307,BeDivFuzz-Structure,Nashorn,N1,
866,RLCheck,Rhino,R0,
866,RLCheck,Rhino,R1,
866,RLCheck,Rhino,R2,
866,RLCheck,Rhino,R4,
367,Zeugma-1PT,Nashorn,N0,
367,Zeugma-1PT,Nashorn,N2,
367,Zeugma-1PT,Nashorn,N1,
812,Zest,Rhino,R0,
812,Zest,Rhino,R2,
812,Zest,Rhino,R4,
921,RLCheck,Rhino,R0,
921,RLCheck,Rhino,R1,
921,RLCheck,Rhino,R2,
921,RLCheck,Rhino,R4,
198,RLCheck,Nashorn,N0,
198,RLCheck,Nashorn,N2,
198,RLCheck,Nashorn,N1,
75,Zeugma,Closure,C0,
311,Zeugma,Nashorn,N2,
311,Zeugma,Nashorn,N1,
901,Zeugma-1PT,Closure,C0,
568,Zest,Closure,C0,
951,BeDivFuzz-Structure,Closure,C0,
1008,Zest,Closure,C0,
317,Zest,Rhino,R0,
317,Zest,Rhino,R2,
317,Zest,Rhino,R4,
338,BeDivFuzz-Simple,Bcel,B1,
863,Zeugma-2PT,Nashorn,N2,
863,Zeugma-2PT,Nashorn,N1,
1033,Zeugma-Linked,Rhino,R0,
1033,Zeugma-Linked,Rhino,R1,
1033,Zeugma-Linked,Rhino,R2,
755,BeDivFuzz-Structure,Rhino,R0,
755,BeDivFuzz-Structure,Rhino,R2,
755,BeDivFuzz-Structure,Rhino,R4,
94,BeDivFuzz-Simple,Rhino,R0,
94,BeDivFuzz-Simple,Rhino,R1,
94,BeDivFuzz-Simple,Rhino,R2,
94,BeDivFuzz-Simple,Rhino,R4,
18,Zest,Closure,C0,
92,Zeugma-1PT,Nashorn,N2,
92,Zeugma-1PT,Nashorn,N1,
968,RLCheck,Nashorn,N0,
968,RLCheck,Nashorn,N2,
968,RLCheck,Nashorn,N1,
313,Zeugma-2PT,Nashorn,N2,
313,Zeugma-2PT,Nashorn,N1,
66,Zeugma-Linked,Bcel,B1,
284,BeDivFuzz-Structure,Bcel,B1,
861,Zeugma,Nashorn,N2,
861,Zeugma,Nashorn,N1,
504,BeDivFuzz-Structure,Bcel,B1,
199,Zest,Nashorn,N0,
199,Zest,Nashorn,N2,
199,Zest,Nashorn,N1,
902,Zeugma-2PT,Closure,C0,
980,Zeugma-1PT,Rhino,R0,
857,BeDivFuzz-Structure,Nashorn,N0,
857,BeDivFuzz-Structure,Nashorn,N2,
857,BeDivFuzz-Structure,Nashorn,N1,
977,Zest,Rhino,R0,
977,Zest,Rhino,R2,
977,Zest,Rhino,R4,
230,Zest,Bcel,B1,
1022,BeDivFuzz-Structure,Nashorn,N0,
1022,BeDivFuzz-Structure,Nashorn,N2,
1022,BeDivFuzz-Structure,Nashorn,N1,
801,BeDivFuzz-Simple,Nashorn,N0,
801,BeDivFuzz-Simple,Nashorn,N2,
801,BeDivFuzz-Simple,Nashorn,N1,
147,Zeugma-1PT,Nashorn,N0,
147,Zeugma-1PT,Nashorn,N2,
147,Zeugma-1PT,Nashorn,N1,
671,Zeugma-Linked,Bcel,B1,
143,RLCheck,Nashorn,N0,
143,RLCheck,Nashorn,N2,
143,RLCheck,Nashorn,N1,
617,Zeugma,Bcel,B1,
516,Zeugma-1PT,Closure,C0,
349,Zeugma-Linked,Closure,C0,
1026,Zeugma,Nashorn,N2,
1026,Zeugma,Nashorn,N1,
1057,Zeugma,Bcel,B1,
670,Zest,Bcel,B1,
73,Zest,Closure,C0,
562,Zeugma,Bcel,B1,
77,Zeugma-2PT,Closure,C0,
981,Zeugma-2PT,Rhino,R0,
981,Zeugma-2PT,Rhino,R1,
981,Zeugma-2PT,Rhino,R2,
867,Zest,Rhino,R0,
867,Zest,Rhino,R2,
867,Zest,Rhino,R4,
124,Zeugma-2PT,Bcel,B1,
233,Zeugma-1PT,Bcel,B1,
565,BeDivFuzz-Simple,Closure,C0,
693,RLCheck,Nashorn,N0,
693,RLCheck,Nashorn,N2,
693,RLCheck,Nashorn,N1,
65,Zest,Bcel,B1,
582,BeDivFuzz-Structure,Nashorn,N0,
582,BeDivFuzz-Structure,Nashorn,N2,
582,BeDivFuzz-Structure,Nashorn,N1,
585,Zeugma-Linked,Nashorn,N1,
1031,RLCheck,Rhino,R0,
1031,RLCheck,Rhino,R1,
1031,RLCheck,Rhino,R2,
1031,RLCheck,Rhino,R4,
295,Zeugma,Closure,C0,
889,BeDivFuzz-Structure,Bcel,B1,
1060,BeDivFuzz-Simple,Closure,C0,
587,Zeugma-1PT,Nashorn,N0,
587,Zeugma-1PT,Nashorn,N2,
587,Zeugma-1PT,Nashorn,N1,
786,BeDivFuzz-Structure,Closure,C0,
944,BeDivFuzz-Structure,Bcel,B1,
86,BeDivFuzz-Simple,Nashorn,N0,
86,BeDivFuzz-Simple,Nashorn,N2,
86,BeDivFuzz-Simple,Nashorn,N1,
1079,Zest,Nashorn,N0,
1079,Zest,Nashorn,N2,
1079,Zest,Nashorn,N1,
973,Zeugma-2PT,Nashorn,N0,
973,Zeugma-2PT,Nashorn,N2,
973,Zeugma-2PT,Nashorn,N1,
674,Zeugma-2PT,Bcel,B1,
746,BeDivFuzz-Simple,Nashorn,N0,
746,BeDivFuzz-Simple,Nashorn,N2,
746,BeDivFuzz-Simple,Nashorn,N1,
999,BeDivFuzz-Structure,Bcel,B0,
999,BeDivFuzz-Structure,Bcel,B1,
90,Zeugma-Linked,Nashorn,N2,
90,Zeugma-Linked,Nashorn,N1,
204,BeDivFuzz-Simple,Rhino,R0,
204,BeDivFuzz-Simple,Rhino,R1,
204,BeDivFuzz-Simple,Rhino,R2,
204,BeDivFuzz-Simple,Rhino,R4,
314,BeDivFuzz-Simple,Rhino,R0,
314,BeDivFuzz-Simple,Rhino,R2,
314,BeDivFuzz-Simple,Rhino,R4,
858,RLCheck,Nashorn,N0,
858,RLCheck,Nashorn,N2,
858,RLCheck,Nashorn,N1,
970,Zeugma-Linked,Nashorn,N2,
970,Zeugma-Linked,Nashorn,N1,
860,Zeugma-Linked,Nashorn,N1,
705,Zeugma-1PT,Rhino,R0,
926,Zeugma-2PT,Rhino,R0,
926,Zeugma-2PT,Rhino,R2,
946,Zeugma-Linked,Bcel,B1,
427,Zest,Rhino,R0,
427,Zest,Rhino,R2,
427,Zest,Rhino,R4,
11,Zeugma-Linked,Bcel,B1,
197,BeDivFuzz-Structure,Nashorn,N0,
197,BeDivFuzz-Structure,Nashorn,N2,
197,BeDivFuzz-Structure,Nashorn,N1,
481,RLCheck,Rhino,R0,
481,RLCheck,Rhino,R1,
481,RLCheck,Rhino,R2,
481,RLCheck,Rhino,R4,
639,Zest,Nashorn,N0,
639,Zest,Nashorn,N2,
639,Zest,Nashorn,N1,
287,Zeugma,Bcel,B1,
315,BeDivFuzz-Structure,Rhino,R0,
315,BeDivFuzz-Structure,Rhino,R1,
315,BeDivFuzz-Structure,Rhino,R2,
315,BeDivFuzz-Structure,Rhino,R4,
178,Zeugma-1PT,Bcel,B1,
36,Zeugma,Nashorn,N2,
36,Zeugma,Nashorn,N1,
416,BeDivFuzz-Simple,Nashorn,N0,
416,BeDivFuzz-Simple,Nashorn,N2,
416,BeDivFuzz-Simple,Nashorn,N1,
647,Zest,Rhino,R0,
647,Zest,Rhino,R4,
1062,RLCheck,Closure,C0,
967,BeDivFuzz-Structure,Nashorn,N0,
967,BeDivFuzz-Structure,Nashorn,N2,
967,BeDivFuzz-Structure,Nashorn,N1,
1027,Zeugma-1PT,Nashorn,N2,
1027,Zeugma-1PT,Nashorn,N1,
723,BeDivFuzz-Simple,Bcel,B1,
727,Zeugma,Bcel,B1,
363,RLCheck,Nashorn,N0,
363,RLCheck,Nashorn,N2,
363,RLCheck,Nashorn,N1,
393,BeDivFuzz-Simple,Bcel,B1,
841,BeDivFuzz-Structure,Closure,C0,
290,BeDivFuzz-Simple,Closure,C0,
971,Zeugma,Nashorn,N0,
971,Zeugma,Nashorn,N2,
971,Zeugma,Nashorn,N1,
285,Zest,Bcel,B1,
258,Zeugma-2PT,Nashorn,N0,
258,Zeugma-2PT,Nashorn,N2,
118,BeDivFuzz-Simple,Bcel,B1,
677,RLCheck,Closure,C0,
1054,BeDivFuzz-Structure,Bcel,B1,
838,Zeugma-1PT,Bcel,B1,
123,Zeugma-1PT,Bcel,B1,
508,Zeugma-1PT,Bcel,B1,
397,Zeugma,Bcel,B1,
422,Zeugma-1PT,Nashorn,N0,
422,Zeugma-1PT,Nashorn,N2,
422,Zeugma-1PT,Nashorn,N1,
308,RLCheck,Nashorn,N0,
308,RLCheck,Nashorn,N2,
308,RLCheck,Nashorn,N1,
583,RLCheck,Nashorn,N0,
583,RLCheck,Nashorn,N2,
583,RLCheck,Nashorn,N1,
890,Zest,Bcel,B1,
675,BeDivFuzz-Simple,Closure,C0,
1080,Zeugma-Linked,Nashorn,N2,
1080,Zeugma-Linked,Nashorn,N1,
696,Zeugma,Nashorn,N2,
696,Zeugma,Nashorn,N1,
119,BeDivFuzz-Structure,Bcel,B0,
119,BeDivFuzz-Structure,Bcel,B1,
1082,Zeugma-1PT,Nashorn,N0,
1082,Zeugma-1PT,Nashorn,N2,
1082,Zeugma-1PT,Nashorn,N1,
264,Zeugma,Rhino,R1,
540,Zeugma-1PT,Rhino,R0,
255,Zeugma-Linked,Nashorn,N2,
255,Zeugma-Linked,Nashorn,N1,
1032,Zest,Rhino,R0,
1032,Zest,Rhino,R2,
1032,Zest,Rhino,R4,
950,BeDivFuzz-Simple,Closure,C0,
71,BeDivFuzz-Structure,Closure,C0,
538,Zeugma-Linked,Rhino,R1,
450,Zest,Bcel,B1,
486,Zeugma-2PT,Rhino,R0,
702,Zest,Rhino,R0,
702,Zest,Rhino,R2,
702,Zest,Rhino,R4,
173,BeDivFuzz-Simple,Bcel,B1,
254,Zest,Nashorn,N0,
254,Zest,Nashorn,N2,
254,Zest,Nashorn,N1,
856,BeDivFuzz-Simple,Nashorn,N0,
856,BeDivFuzz-Simple,Nashorn,N2,
856,BeDivFuzz-Simple,Nashorn,N1,
252,BeDivFuzz-Structure,Nashorn,N0,
252,BeDivFuzz-Structure,Nashorn,N2,
252,BeDivFuzz-Structure,Nashorn,N1,
646,RLCheck,Rhino,R0,
646,RLCheck,Rhino,R1,
646,RLCheck,Rhino,R2,
646,RLCheck,Rhino,R4,
428,Zeugma-Linked,Rhino,R0,
428,Zeugma-Linked,Rhino,R1,
428,Zeugma-Linked,Rhino,R2,
186,Zeugma-1PT,Closure,C0,
232,Zeugma,Bcel,B1,
644,BeDivFuzz-Simple,Rhino,R0,
644,BeDivFuzz-Simple,Rhino,R2,
644,BeDivFuzz-Simple,Rhino,R4,
512,RLCheck,Closure,C0,
859,Zest,Nashorn,N0,
859,Zest,Nashorn,N2,
859,Zest,Nashorn,N1,
471,BeDivFuzz-Simple,Nashorn,N0,
471,BeDivFuzz-Simple,Nashorn,N2,
471,BeDivFuzz-Simple,Nashorn,N1,
916,Zeugma,Nashorn,N2,
916,Zeugma,Nashorn,N1,
864,BeDivFuzz-Simple,Rhino,R0,
864,BeDivFuzz-Simple,Rhino,R1,
864,BeDivFuzz-Simple,Rhino,R2,
864,BeDivFuzz-Simple,Rhino,R4,
913,RLCheck,Nashorn,N0,
913,RLCheck,Nashorn,N2,
913,RLCheck,Nashorn,N1,
865,BeDivFuzz-Structure,Rhino,R0,
865,BeDivFuzz-Structure,Rhino,R2,
865,BeDivFuzz-Structure,Rhino,R4,
581,BeDivFuzz-Simple,Nashorn,N0,
581,BeDivFuzz-Simple,Nashorn,N2,
581,BeDivFuzz-Simple,Nashorn,N1,
126,BeDivFuzz-Structure,Closure,C0,
348,Zest,Closure,C0,
256,Zeugma,Nashorn,N2,
256,Zeugma,Nashorn,N1,
1021,BeDivFuzz-Simple,Nashorn,N0,
1021,BeDivFuzz-Simple,Nashorn,N2,
1021,BeDivFuzz-Simple,Nashorn,N1,
396,Zeugma-Linked,Bcel,B1,
619,Zeugma-2PT,Bcel,B1,
924,Zeugma,Rhino,R0,
594,Zeugma,Rhino,R0,
636,BeDivFuzz-Simple,Nashorn,N0,
636,BeDivFuzz-Simple,Nashorn,N2,
636,BeDivFuzz-Simple,Nashorn,N1,
148,Zeugma-2PT,Nashorn,N2,
148,Zeugma-2PT,Nashorn,N1,
20,Zeugma,Closure,C0,
638,RLCheck,Nashorn,N0,
638,RLCheck,Nashorn,N2,
638,RLCheck,Nashorn,N1,
788,Zest,Closure,C0,
478,Zeugma-2PT,Nashorn,N0,
478,Zeugma-2PT,Nashorn,N1,
309,Zest,Nashorn,N0,
309,Zest,Nashorn,N2,
309,Zest,Nashorn,N1,
265,Zeugma-1PT,Rhino,R2,
1005,BeDivFuzz-Simple,Closure,C0,
70,BeDivFuzz-Simple,Closure,C0,
754,BeDivFuzz-Simple,Rhino,R0,
754,BeDivFuzz-Simple,Rhino,R1,
754,BeDivFuzz-Simple,Rhino,R2,
754,BeDivFuzz-Simple,Rhino,R4,
361,BeDivFuzz-Simple,Nashorn,N0,
361,BeDivFuzz-Simple,Nashorn,N2,
361,BeDivFuzz-Simple,Nashorn,N1,
366,Zeugma,Nashorn,N2,
366,Zeugma,Nashorn,N1,
567,RLCheck,Closure,C0,
534,BeDivFuzz-Simple,Rhino,R0,
534,BeDivFuzz-Simple,Rhino,R1,
534,BeDivFuzz-Simple,Rhino,R2,
534,BeDivFuzz-Simple,Rhino,R4,
402,RLCheck,Closure,C0,
733,Zest,Closure,C0,
615,Zest,Bcel,B1,
645,BeDivFuzz-Structure,Rhino,R0,
645,BeDivFuzz-Structure,Rhino,R1,
645,BeDivFuzz-Structure,Rhino,R2,
645,BeDivFuzz-Structure,Rhino,R4,
398,Zeugma-1PT,Bcel,B1,
121,Zeugma-Linked,Bcel,B1,
479,BeDivFuzz-Simple,Rhino,R0,
479,BeDivFuzz-Simple,Rhino,R2,
479,BeDivFuzz-Simple,Rhino,R4,
757,Zest,Rhino,R0,
757,Zest,Rhino,R2,
757,Zest,Rhino,R4,
145,Zeugma-Linked,Nashorn,N2,
145,Zeugma-Linked,Nashorn,N1,
475,Zeugma-Linked,Nashorn,N2,
475,Zeugma-Linked,Nashorn,N1,
283,BeDivFuzz-Simple,Bcel,B1,
807,Zeugma-1PT,Nashorn,N2,
807,Zeugma-1PT,Nashorn,N1,
507,Zeugma,Bcel,B1,
33,RLCheck,Nashorn,N0,
33,RLCheck,Nashorn,N2,
33,RLCheck,Nashorn,N1,
515,Zeugma,Closure,C0,
919,BeDivFuzz-Simple,Rhino,R0,
919,BeDivFuzz-Simple,Rhino,R2,
919,BeDivFuzz-Simple,Rhino,R4,
310,Zeugma-Linked,Nashorn,N1,
839,Zeugma-2PT,Bcel,B1,
1065,Zeugma,Closure,C0,
915,Zeugma-Linked,Nashorn,N1,
1056,Zeugma-Linked,Bcel,B1,
420,Zeugma-Linked,Nashorn,N2,
420,Zeugma-Linked,Nashorn,N1,
833,BeDivFuzz-Simple,Bcel,B1,
862,Zeugma-1PT,Nashorn,N0,
862,Zeugma-1PT,Nashorn,N2,
862,Zeugma-1PT,Nashorn,N1,
202,Zeugma-1PT,Nashorn,N2,
202,Zeugma-1PT,Nashorn,N1,
42,Zest,Rhino,R4,
643,Zeugma-2PT,Nashorn,N0,
643,Zeugma-2PT,Nashorn,N2,
643,Zeugma-2PT,Nashorn,N1,
532,Zeugma-1PT,Nashorn,N0,
532,Zeugma-1PT,Nashorn,N2,
532,Zeugma-1PT,Nashorn,N1,